identifier,timepoint_index,timestamp,split,timeseries
Bearing3_1,285,09:57:59,Training,"{'channel1': array([-0.112, -0.129,  0.087, ...,  0.459,  0.048,  0.307]), 'channel2': array([ 0.115, -0.215,  0.287, ..., -0.033, -0.205,  0.37 ])}"
Bearing3_1,290,09:58:49,Training,"{'channel1': array([ 0.22 ,  0.092, -0.155, ...,  0.109,  0.034,  0.029]), 'channel2': array([-0.174, -0.121,  0.509, ..., -0.172, -0.428,  0.2  ])}"
Bearing3_1,183,09:40:59,Training,"{'channel1': array([-0.717, -0.4  , -0.041, ..., -0.766, -0.647, -0.198]), 'channel2': array([-0.44 ,  0.322,  0.194, ..., -0.029, -0.019, -0.188])}"
Bearing3_1,193,09:42:39,Training,"{'channel1': array([-0.364, -0.233, -0.095, ...,  0.062,  0.305,  0.444]), 'channel2': array([ 0.247,  0.127, -0.289, ..., -0.535,  0.321, -0.259])}"
Bearing3_1,118,09:30:09,Training,"{'channel1': array([-0.003,  0.295,  0.176, ..., -0.444, -0.131,  0.131]), 'channel2': array([-0.747,  0.421,  0.576, ...,  0.299,  0.172, -0.061])}"
Bearing3_1,218,09:46:49,Training,"{'channel1': array([-0.07 , -0.349, -0.352, ...,  0.355,  0.158, -0.127]), 'channel2': array([-0.465, -0.047, -0.16 , ..., -0.055,  0.009,  0.041])}"
Bearing3_1,2,09:10:49,Training,"{'channel1': array([ 0.236,  0.114, -0.512, ..., -0.154, -0.438, -0.644]), 'channel2': array([-0.221, -0.499, -0.087, ...,  0.19 , -0.255, -0.009])}"
Bearing3_1,216,09:46:29,Training,"{'channel1': array([-0.086,  0.053,  0.02 , ..., -0.173,  0.132,  0.251]), 'channel2': array([-0.189, -0.376,  0.249, ..., -0.287,  0.071, -0.199])}"
Bearing3_1,260,09:53:49,Training,"{'channel1': array([-0.441,  0.045, -0.367, ...,  0.269,  0.212, -0.045]), 'channel2': array([-0.191, -0.137, -0.127, ..., -0.075,  0.315, -0.21 ])}"
Bearing3_1,428,10:21:49,Training,"{'channel1': array([ 0.175,  0.447,  0.137, ..., -0.157,  0.106,  0.018]), 'channel2': array([ 0.019, -0.519, -0.105, ..., -0.005,  0.141, -0.515])}"
Bearing3_1,252,09:52:29,Training,"{'channel1': array([-0.354, -0.095,  0.03 , ..., -0.219, -0.415, -0.426]), 'channel2': array([ 0.304,  0.249,  0.062, ...,  0.007,  0.14 , -0.197])}"
Bearing3_1,121,09:30:39,Training,"{'channel1': array([-0.287, -0.262,  0.001, ..., -0.254, -0.162, -0.418]), 'channel2': array([-0.039, -0.171, -0.168, ...,  0.177,  0.03 , -0.233])}"
Bearing3_1,132,09:32:29,Training,"{'channel1': array([ 0.482,  0.638,  0.452, ...,  0.205, -0.027,  0.075]), 'channel2': array([-0.342, -0.074, -0.289, ...,  0.386,  0.248, -0.312])}"
Bearing3_1,297,09:59:59,Training,"{'channel1': array([-0.482, -0.117, -0.194, ...,  0.273,  0.539,  0.856]), 'channel2': array([ 0.155,  0.02 , -0.08 , ..., -0.821, -0.773, -0.628])}"
Bearing3_1,321,10:03:59,Training,"{'channel1': array([-0.018,  0.01 , -0.244, ..., -0.047, -0.067, -0.712]), 'channel2': array([-0.086,  0.234,  0.232, ...,  0.691, -0.346,  0.158])}"
Bearing3_1,493,10:32:39,Training,"{'channel1': array([ 0.015, -0.016,  0.026, ...,  0.166,  0.042, -0.105]), 'channel2': array([-0.083, -0.127, -0.082, ...,  0.611, -0.432, -0.242])}"
Bearing3_1,498,10:33:29,Training,"{'channel1': array([ 0.36 ,  0.072, -0.39 , ..., -0.349, -0.896, -1.512]), 'channel2': array([ 1.044,  0.04 ,  0.175, ..., -1.397,  0.027, -1.079])}"
Bearing3_1,40,09:17:09,Training,"{'channel1': array([-0.083,  0.094,  0.264, ..., -0.251, -0.159, -0.016]), 'channel2': array([ 0.333, -0.291, -0.145, ...,  0.252,  0.515,  0.141])}"
Bearing3_1,96,09:26:29,Training,"{'channel1': array([-0.087,  0.033, -0.038, ...,  0.05 , -0.346, -0.43 ]), 'channel2': array([ 0.961,  0.157, -0.309, ..., -0.41 , -0.009,  0.324])}"
Bearing3_1,305,10:01:19,Training,"{'channel1': array([ 0.049, -0.161,  0.249, ..., -0.45 , -0.585, -0.394]), 'channel2': array([ 0.077, -0.156, -0.068, ...,  0.117,  0.016,  0.248])}"
Bearing3_1,11,09:12:19,Training,"{'channel1': array([ 0.347,  0.786,  0.773, ..., -0.218, -0.009, -0.026]), 'channel2': array([ 0.23 , -0.375, -0.626, ...,  0.217,  0.281, -0.099])}"
Bearing3_1,88,09:25:09,Training,"{'channel1': array([-0.476, -0.086, -0.084, ...,  0.185, -0.189, -0.181]), 'channel2': array([ 0.334, -0.083, -0.141, ..., -0.1  ,  0.13 , -0.384])}"
Bearing3_1,168,09:38:29,Training,"{'channel1': array([ 0.132,  0.378,  0.203, ...,  0.077, -0.129, -0.213]), 'channel2': array([-0.347, -0.269,  0.37 , ..., -0.425,  0.241, -0.077])}"
Bearing3_1,23,09:14:19,Training,"{'channel1': array([0.315, 0.507, 0.744, ..., 1.223, 1.54 , 1.418]), 'channel2': array([ 1.209,  0.444, -0.083, ...,  0.619, -0.003,  0.186])}"
Bearing3_1,181,09:40:39,Training,"{'channel1': array([ 0.073,  0.194, -0.113, ...,  0.167, -0.039, -0.237]), 'channel2': array([-0.287, -0.099,  0.035, ..., -0.082, -0.15 , -0.364])}"
Bearing3_1,350,10:08:49,Training,"{'channel1': array([-0.095, -0.098, -0.161, ...,  0.082,  0.158,  0.06 ]), 'channel2': array([ 0.202, -0.299, -0.176, ...,  0.103, -0.188, -0.271])}"
Bearing3_1,429,10:21:59,Training,"{'channel1': array([ 0.159,  0.24 ,  0.047, ...,  0.077, -0.35 , -0.558]), 'channel2': array([ 0.502, -0.101, -0.052, ..., -0.086,  0.013,  0.127])}"
Bearing3_1,24,09:14:29,Training,"{'channel1': array([ 0.289,  0.574,  0.335, ..., -0.231, -0.048,  0.047]), 'channel2': array([ 0.29 , -0.553, -0.265, ...,  0.093,  0.099, -0.527])}"
Bearing3_1,184,09:41:09,Training,"{'channel1': array([ 0.161,  0.52 ,  0.467, ..., -0.349, -0.19 ,  0.178]), 'channel2': array([-0.237, -0.485, -0.045, ...,  0.12 , -0.116, -0.559])}"
Bearing3_1,363,10:10:59,Training,"{'channel1': array([ 0.147, -0.035, -0.285, ...,  0.824,  0.56 ,  0.333]), 'channel2': array([ 0.371, -0.285, -0.397, ..., -0.261,  0.092,  0.694])}"
Bearing3_1,268,09:55:09,Training,"{'channel1': array([ 0.459,  0.782,  0.054, ...,  0.046, -0.115, -0.312]), 'channel2': array([ 0.145,  0.568,  0.124, ...,  0.643, -0.849,  0.273])}"
Bearing3_1,189,09:41:59,Training,"{'channel1': array([ 0.045,  0.117,  0.23 , ..., -0.559, -0.307,  0.052]), 'channel2': array([-0.748,  0.001,  0.64 , ..., -0.235,  0.033,  0.353])}"
Bearing3_1,304,10:01:09,Training,"{'channel1': array([0.256, 0.264, 0.563, ..., 0.426, 0.494, 0.341]), 'channel2': array([-0.65 , -0.188,  0.122, ..., -0.028,  0.1  ,  0.118])}"
Bearing3_1,154,09:36:09,Training,"{'channel1': array([-0.005, -0.002, -0.011, ...,  0.151, -0.174,  0.086]), 'channel2': array([ 0.164,  0.239, -0.087, ..., -0.226,  0.161,  0.113])}"
Bearing3_1,3,09:10:59,Training,"{'channel1': array([-0.651, -0.361, -0.034, ...,  0.292,  0.285, -0.075]), 'channel2': array([ 0.481,  0.229, -0.299, ...,  0.012,  0.026,  0.228])}"
Bearing3_1,115,09:29:39,Training,"{'channel1': array([0.113, 0.217, 0.059, ..., 0.086, 0.339, 0.212]), 'channel2': array([ 0.067, -0.261, -0.242, ...,  0.683, -0.262, -0.272])}"
Bearing3_1,139,09:33:39,Training,"{'channel1': array([-0.453,  0.04 ,  0.02 , ...,  0.096, -0.05 ,  0.179]), 'channel2': array([ 0.652,  0.145, -0.683, ..., -0.008,  0.704,  0.413])}"
Bearing3_1,51,09:18:59,Training,"{'channel1': array([ 0.154, -0.244, -0.434, ...,  0.279,  0.189, -0.149]), 'channel2': array([-0.268, -0.05 ,  0.403, ...,  0.03 ,  0.213,  0.008])}"
Bearing3_1,237,09:49:59,Training,"{'channel1': array([ 0.33 ,  0.268,  0.024, ...,  0.219, -0.35 , -0.345]), 'channel2': array([ 0.444,  0.202, -0.121, ...,  0.639, -0.037,  0.172])}"
Bearing3_1,377,10:13:19,Training,"{'channel1': array([-0.1  ,  0.032,  0.234, ...,  0.245,  0.387,  0.181]), 'channel2': array([ 0.217, -0.09 , -0.325, ...,  0.06 , -0.142, -0.   ])}"
Bearing3_1,513,10:35:59,Training,"{'channel1': array([ 1.238,  0.235,  1.472, ..., -0.861, -0.204,  1.553]), 'channel2': array([-1.152, -1.364,  1.404, ...,  1.514,  1.039, -2.073])}"
Bearing3_1,435,10:22:59,Training,"{'channel1': array([-0.21 , -0.117,  0.188, ..., -0.095, -0.197, -0.507]), 'channel2': array([-0.125, -0.208,  0.052, ...,  0.351, -0.106, -0.209])}"
Bearing3_1,351,10:08:59,Training,"{'channel1': array([ 0.16 , -0.184, -0.147, ..., -0.054, -0.13 , -0.33 ]), 'channel2': array([-0.236, -0.114,  0.553, ...,  0.353, -0.061, -0.442])}"
Bearing3_1,359,10:10:19,Training,"{'channel1': array([-0.085, -0.002,  0.236, ..., -0.359, -0.274, -0.302]), 'channel2': array([-0.196,  0.075,  0.001, ..., -0.27 ,  0.115,  0.286])}"
Bearing3_1,331,10:05:39,Training,"{'channel1': array([-0.14 ,  0.262,  0.162, ...,  0.018, -0.322,  0.301]), 'channel2': array([ 0.498,  0.031, -0.134, ..., -0.234, -0.118,  0.536])}"
Bearing3_1,316,10:03:09,Training,"{'channel1': array([ 0.05 ,  0.131, -0.197, ..., -0.572, -0.419, -0.169]), 'channel2': array([-0.058,  0.734,  0.008, ...,  0.074,  0.333,  0.078])}"
Bearing3_1,311,10:02:19,Training,"{'channel1': array([-0.01 , -0.132, -0.074, ..., -0.065, -0.145, -0.014]), 'channel2': array([ 0.002, -0.068, -0.159, ...,  0.216, -0.107, -0.265])}"
Bearing3_1,33,09:15:59,Training,"{'channel1': array([ 0.124,  0.371,  0.408, ...,  0.111, -0.166, -0.036]), 'channel2': array([ 0.3  ,  0.279,  0.055, ...,  0.056,  0.259, -0.328])}"
Bearing3_1,367,10:11:39,Training,"{'channel1': array([0.295, 0.359, 0.498, ..., 0.253, 0.256, 0.025]), 'channel2': array([-0.322, -0.108, -0.085, ..., -0.565, -0.215, -0.337])}"
Bearing3_1,104,09:27:49,Training,"{'channel1': array([-0.216, -0.361,  0.051, ..., -0.188, -0.131,  0.077]), 'channel2': array([ 0.296,  0.03 ,  0.415, ..., -0.153,  0.088, -0.189])}"
Bearing3_1,503,10:34:19,Training,"{'channel1': array([-0.303,  0.091, -1.158, ..., -0.673, -0.695, -1.037]), 'channel2': array([-1.815, -0.381, -1.714, ...,  3.305, -2.25 ,  0.168])}"
Bearing3_1,221,09:47:19,Training,"{'channel1': array([-0.366, -0.75 , -0.565, ..., -0.164, -0.058, -0.02 ]), 'channel2': array([ 0.68 ,  0.475,  0.761, ..., -0.022, -0.002,  0.246])}"
Bearing3_1,261,09:53:59,Training,"{'channel1': array([ 0.192, -0.092, -0.002, ...,  0.272,  0.264, -0.128]), 'channel2': array([ 0.169, -0.438,  0.315, ...,  0.003,  0.211,  0.319])}"
Bearing3_1,54,09:19:29,Training,"{'channel1': array([-0.08 , -0.096,  0.202, ...,  0.496, -0.144, -0.434]), 'channel2': array([-0.321, -0.009,  0.356, ..., -0.461, -0.125,  0.468])}"
Bearing3_1,176,09:39:49,Training,"{'channel1': array([-0.688, -0.845, -0.572, ..., -0.267, -0.169,  0.02 ]), 'channel2': array([-0.103,  0.03 ,  0.229, ..., -0.065, -0.257,  0.286])}"
Bearing3_1,473,10:29:19,Training,"{'channel1': array([-0.001, -0.11 , -0.152, ..., -0.196, -0.203,  0.265]), 'channel2': array([-0.307,  0.03 ,  0.312, ...,  0.03 , -0.285, -0.123])}"
Bearing3_1,239,09:50:19,Training,"{'channel1': array([-0.316,  0.099,  0.123, ...,  0.069,  0.196,  0.487]), 'channel2': array([-0.005, -0.125, -0.037, ...,  0.089, -0.604, -0.935])}"
Bearing3_1,440,10:23:49,Training,"{'channel1': array([ 0.017, -0.599, -0.018, ..., -0.335,  0.063, -0.177]), 'channel2': array([-0.213,  0.026,  0.216, ...,  0.129,  0.185,  0.423])}"
Bearing3_1,117,09:29:59,Training,"{'channel1': array([-0.16 , -0.174, -0.203, ...,  0.302, -0.087, -0.095]), 'channel2': array([ 0.147, -0.267, -0.445, ..., -0.31 , -0.135,  0.552])}"
Bearing3_1,267,09:54:59,Training,"{'channel1': array([ 0.578,  0.632,  0.408, ..., -0.077, -0.02 , -0.098]), 'channel2': array([-0.029, -0.197, -0.419, ...,  0.403, -0.574,  0.116])}"
Bearing3_1,283,09:57:39,Training,"{'channel1': array([ 0.354, -0.157,  0.102, ...,  0.317,  0.138, -0.08 ]), 'channel2': array([-0.114, -0.045,  0.445, ...,  0.091,  0.051, -0.382])}"
Bearing3_1,30,09:15:29,Training,"{'channel1': array([-0.53 , -0.111,  0.361, ...,  0.113, -0.187, -0.808]), 'channel2': array([-0.466,  0.299,  0.528, ..., -0.164, -0.679, -0.618])}"
Bearing3_1,312,10:02:29,Training,"{'channel1': array([ 0.039, -0.106, -0.049, ..., -0.02 , -0.267, -0.356]), 'channel2': array([-0.173,  0.208, -0.066, ..., -0.414, -0.148,  0.267])}"
Bearing3_1,414,10:19:29,Training,"{'channel1': array([ 0.013, -0.006, -0.104, ..., -0.189, -0.127,  0.108]), 'channel2': array([-0.059, -0.393, -0.176, ...,  0.39 ,  0.437,  0.014])}"
Bearing3_1,514,10:36:09,Training,"{'channel1': array([ 0.057, -0.258, -0.526, ...,  1.09 ,  1.015,  0.148]), 'channel2': array([-0.458, -0.483,  1.749, ..., -0.02 , -0.897, -1.603])}"
Bearing3_1,361,10:10:39,Training,"{'channel1': array([-0.085,  0.116,  0.073, ...,  0.04 , -0.128, -0.134]), 'channel2': array([ 0.209, -0.141, -0.404, ..., -0.16 ,  0.246,  0.606])}"
Bearing3_1,496,10:33:09,Training,"{'channel1': array([ 0.775, -0.191, -0.332, ..., -0.044,  0.36 ,  0.232]), 'channel2': array([-1.032,  1.144, -0.367, ...,  0.958,  0.633, -0.714])}"
Bearing3_1,253,09:52:39,Training,"{'channel1': array([ 0.367,  0.057,  0.099, ..., -0.506, -0.504,  0.073]), 'channel2': array([ 0.031, -0.098, -0.044, ...,  0.663,  0.234,  0.03 ])}"
Bearing3_1,196,09:43:09,Training,"{'channel1': array([-0.303, -0.48 , -0.221, ..., -0.195, -0.451, -0.229]), 'channel2': array([-0.489,  0.224,  0.587, ...,  0.543,  0.347,  0.601])}"
Bearing3_1,269,09:55:19,Training,"{'channel1': array([ 0.269,  0.13 , -0.189, ...,  0.031,  0.011, -0.255]), 'channel2': array([-0.194, -1.024, -0.581, ...,  0.306,  0.043,  0.113])}"
Bearing3_1,479,10:30:19,Training,"{'channel1': array([0.139, 0.112, 0.007, ..., 0.283, 0.189, 0.05 ]), 'channel2': array([ 0.244,  0.229, -0.181, ..., -0.411, -0.167, -0.051])}"
Bearing3_1,416,10:19:49,Training,"{'channel1': array([ 0.481,  0.285,  0.082, ..., -0.271, -0.479, -0.58 ]), 'channel2': array([-0.007, -0.353,  0.358, ..., -0.251,  0.178,  0.098])}"
Bearing3_1,123,09:30:59,Training,"{'channel1': array([-0.252, -0.501, -0.205, ..., -0.181, -0.546, -0.   ]), 'channel2': array([-0.302, -0.161,  0.367, ...,  0.261,  0.719, -0.252])}"
Bearing3_1,502,10:34:09,Training,"{'channel1': array([0.834, 0.994, 0.053, ..., 0.526, 0.281, 1.088]), 'channel2': array([ 1.092, -0.641, -0.717, ...,  1.664, -1.472,  1.135])}"
Bearing3_1,425,10:21:19,Training,"{'channel1': array([-0.728, -0.349, -0.24 , ...,  0.874,  1.148,  0.758]), 'channel2': array([ 0.738, -0.655, -0.473, ..., -0.285, -0.367, -0.221])}"
Bearing3_1,507,10:34:59,Training,"{'channel1': array([-0.134, -0.36 , -0.012, ..., -0.977, -1.812, -0.356]), 'channel2': array([ 0.508, -0.541,  1.601, ..., -0.353,  3.661,  1.492])}"
Bearing3_1,61,09:20:39,Training,"{'channel1': array([-1.204, -1.099, -1.358, ...,  0.523,  0.267,  0.259]), 'channel2': array([-0.037,  0.248, -0.266, ..., -0.14 , -0.265, -0.245])}"
Bearing3_1,419,10:20:19,Training,"{'channel1': array([-0.115, -0.092, -0.006, ...,  0.226,  0.079,  0.046]), 'channel2': array([-0.149, -0.004, -0.084, ..., -0.007,  0.282,  0.412])}"
Bearing3_1,103,09:27:39,Training,"{'channel1': array([ 0.006,  0.294,  0.713, ..., -0.239, -0.32 , -0.04 ]), 'channel2': array([-0.073, -0.141, -0.32 , ...,  0.468, -0.213,  0.111])}"
Bearing3_1,28,09:15:09,Training,"{'channel1': array([-1.052, -0.672,  0.343, ...,  0.11 , -0.254, -0.226]), 'channel2': array([ 0.449, -0.063, -0.228, ..., -0.152,  0.272, -0.078])}"
Bearing3_1,162,09:37:29,Training,"{'channel1': array([-0.065, -0.127,  0.227, ..., -0.176, -0.135, -0.127]), 'channel2': array([-0.625, -0.004,  0.458, ..., -0.178, -0.524,  0.282])}"
Bearing3_1,138,09:33:29,Training,"{'channel1': array([-0.068, -0.252,  0.548, ...,  0.2  ,  0.326,  0.388]), 'channel2': array([-0.396,  0.082, -0.688, ..., -0.575,  0.406,  0.183])}"
Bearing3_1,151,09:35:39,Training,"{'channel1': array([-0.575, -0.385, -0.235, ...,  0.108, -0.07 ,  0.078]), 'channel2': array([ 0.282,  0.267, -0.292, ...,  0.602, -0.794,  0.059])}"
Bearing3_1,458,10:26:49,Training,"{'channel1': array([-0.084, -0.32 , -0.514, ..., -0.11 , -0.391, -0.103]), 'channel2': array([ 0.05 , -0.23 , -0.192, ..., -0.307, -0.155,  0.323])}"
Bearing3_1,194,09:42:49,Training,"{'channel1': array([-0.199,  0.097,  0.268, ..., -0.094, -0.122, -0.094]), 'channel2': array([ 0.191, -0.365, -0.346, ...,  0.458,  0.098, -0.326])}"
Bearing3_1,262,09:54:09,Training,"{'channel1': array([-0.289, -0.127,  0.142, ...,  0.345,  0.015, -0.081]), 'channel2': array([ 0.291,  0.553,  0.028, ...,  0.154, -0.409, -0.021])}"
Bearing3_1,289,09:58:39,Training,"{'channel1': array([ 0.207,  0.106, -0.178, ..., -0.323,  0.13 ,  0.26 ]), 'channel2': array([-0.132,  0.127, -0.278, ..., -0.141,  0.05 ,  0.113])}"
Bearing3_1,447,10:24:59,Training,"{'channel1': array([-0.328, -0.407, -0.14 , ..., -0.389, -0.653, -0.724]), 'channel2': array([-0.037, -0.12 ,  0.212, ...,  0.513,  0.098, -0.324])}"
Bearing3_1,60,09:20:29,Training,"{'channel1': array([-0.023, -0.077, -0.211, ..., -0.177, -0.517, -0.586]), 'channel2': array([ 0.045, -0.265,  0.14 , ..., -0.176, -0.156,  0.385])}"
Bearing3_1,469,10:28:39,Training,"{'channel1': array([-0.212, -0.025, -0.063, ..., -0.186,  0.033,  0.022]), 'channel2': array([-0.094, -0.206, -0.125, ..., -0.195, -0.303, -0.045])}"
Bearing3_1,302,10:00:49,Training,"{'channel1': array([-0.39 , -0.453, -0.417, ...,  0.052, -0.4  ,  0.066]), 'channel2': array([ 0.492, -0.131,  0.284, ...,  0.017,  0.024,  0.18 ])}"
Bearing3_1,38,09:16:49,Training,"{'channel1': array([ 0.409,  0.561,  0.326, ..., -0.506, -0.024,  0.333]), 'channel2': array([-0.532, -0.525, -0.052, ...,  0.14 , -0.004, -0.271])}"
Bearing3_1,451,10:25:39,Training,"{'channel1': array([ 0.287,  0.278,  0.303, ..., -0.247, -0.258,  0.108]), 'channel2': array([-0.28 ,  0.033, -0.032, ..., -0.077,  0.368, -0.024])}"
Bearing3_1,149,09:35:19,Training,"{'channel1': array([ 0.455,  0.308,  0.277, ..., -0.034,  0.07 , -0.159]), 'channel2': array([-0.122, -0.031,  0.086, ...,  0.047, -0.075, -0.099])}"
Bearing3_1,301,10:00:39,Training,"{'channel1': array([ 0.068, -0.206, -0.047, ...,  0.209, -0.037, -0.112]), 'channel2': array([-0.063,  0.32 , -0.471, ...,  0.166,  0.269, -0.076])}"
Bearing3_1,145,09:34:39,Training,"{'channel1': array([ 0.086,  0.397,  0.277, ...,  0.032,  0.125, -0.161]), 'channel2': array([ 0.116, -0.163, -0.449, ..., -0.882, -0.335,  0.321])}"
Bearing3_1,192,09:42:29,Training,"{'channel1': array([ 0.061, -0.083,  0.002, ..., -0.133,  0.102, -0.015]), 'channel2': array([ 0.125,  0.288, -0.003, ...,  0.073, -0.115,  0.483])}"
Bearing3_1,248,09:51:49,Training,"{'channel1': array([0.35 , 0.08 , 0.315, ..., 0.342, 0.661, 0.104]), 'channel2': array([-0.259,  0.267,  0.121, ...,  0.245,  0.238, -0.663])}"
Bearing3_1,236,09:49:49,Training,"{'channel1': array([-0.14 , -0.082, -0.49 , ..., -0.375, -0.471, -0.443]), 'channel2': array([ 0.176,  0.085, -0.214, ..., -0.437, -0.178,  0.011])}"
Bearing3_1,424,10:21:09,Training,"{'channel1': array([-0.768, -0.713, -0.575, ..., -0.012,  0.038, -0.297]), 'channel2': array([-0.224,  0.302,  0.192, ..., -0.35 ,  0.353,  0.167])}"
Bearing3_1,175,09:39:39,Training,"{'channel1': array([0.214, 0.275, 0.146, ..., 0.176, 0.104, 0.345]), 'channel2': array([ 0.216,  0.204, -0.205, ...,  0.122, -0.192,  0.117])}"
Bearing3_1,512,10:35:49,Training,"{'channel1': array([-1.222, -1.274, -1.792, ..., -0.988,  0.201, -0.43 ]), 'channel2': array([-2.094,  1.611,  2.645, ..., -0.433, -0.179, -0.959])}"
Bearing3_1,255,09:52:59,Training,"{'channel1': array([ 0.266,  0.072,  0.385, ..., -0.565, -0.217,  0.152]), 'channel2': array([ 0.42 , -0.24 , -0.149, ...,  0.146, -0.015,  0.185])}"
Bearing3_1,16,09:13:09,Training,"{'channel1': array([ 0.867,  0.077, -1.015, ..., -0.161, -0.85 , -0.869]), 'channel2': array([-0.636, -0.327,  0.272, ...,  0.253,  0.306,  0.069])}"
Bearing3_1,445,10:24:39,Training,"{'channel1': array([0.396, 0.186, 0.018, ..., 0.23 , 0.393, 0.008]), 'channel2': array([ 0.222, -0.145,  0.069, ...,  0.019, -0.224,  0.024])}"
Bearing3_1,366,10:11:29,Training,"{'channel1': array([-0.124, -0.147, -0.207, ..., -0.174,  0.009, -0.146]), 'channel2': array([ 0.282, -0.093, -0.2  , ..., -0.109,  0.457, -0.158])}"
Bearing3_1,65,09:21:19,Training,"{'channel1': array([-0.96 , -0.593, -0.293, ..., -0.196,  0.038, -0.115]), 'channel2': array([-0.45 ,  0.587,  0.842, ...,  0.372,  0.426,  0.192])}"
Bearing3_1,5,09:11:19,Training,"{'channel1': array([ 0.059,  0.603,  0.613, ..., -1.056, -0.437,  0.425]), 'channel2': array([-0.372, -0.085,  0.112, ...,  0.479, -0.886,  0.302])}"
Bearing3_1,200,09:43:49,Training,"{'channel1': array([-0.116, -0.458, -0.347, ...,  0.072,  0.367,  0.234]), 'channel2': array([-0.336,  0.068,  0.047, ...,  0.382,  0.229, -0.076])}"
Bearing3_1,155,09:36:19,Training,"{'channel1': array([ 0.246,  0.442,  0.294, ...,  0.264,  0.084, -0.26 ]), 'channel2': array([-0.276,  0.165,  0.235, ..., -0.175,  0.088,  0.271])}"
Bearing3_1,217,09:46:39,Training,"{'channel1': array([ 0.42 , -0.092, -0.42 , ...,  0.259,  0.092, -0.368]), 'channel2': array([ 0.253,  0.273,  0.153, ..., -0.079, -0.333,  0.316])}"
Bearing3_1,230,09:48:49,Training,"{'channel1': array([-0.236, -0.063, -0.008, ...,  0.104, -0.003, -0.152]), 'channel2': array([-0.358, -0.364,  0.03 , ...,  0.121, -0.471,  0.396])}"
Bearing3_1,48,09:18:29,Training,"{'channel1': array([-0.184, -0.431, -0.394, ...,  0.485,  0.603,  0.073]), 'channel2': array([-0.323, -0.391,  0.664, ..., -0.209, -0.185, -0.193])}"
Bearing3_1,56,09:19:49,Training,"{'channel1': array([-0.13 , -0.202, -0.197, ..., -0.086,  0.069,  0.416]), 'channel2': array([-0.316,  0.493, -0.081, ...,  0.158, -0.121, -0.117])}"
Bearing3_1,506,10:34:49,Training,"{'channel1': array([-0.207,  0.561,  0.243, ..., -0.358,  0.088, -1.712]), 'channel2': array([ 0.078,  1.298, -0.441, ..., -2.687, -1.759,  2.434])}"
Bearing3_1,205,09:44:39,Training,"{'channel1': array([-0.092, -0.341, -0.284, ...,  0.206,  0.185, -0.033]), 'channel2': array([ 0.68 , -0.219, -0.211, ..., -0.046, -0.167, -0.051])}"
Bearing3_1,234,09:49:29,Training,"{'channel1': array([ 0.494,  0.127, -0.312, ...,  0.303, -0.21 , -0.213]), 'channel2': array([-1.051, -0.296, -0.195, ...,  0.34 , -0.066,  0.067])}"
Bearing3_1,365,10:11:19,Training,"{'channel1': array([ 0.134,  0.028,  0.013, ..., -0.132, -0.407, -0.122]), 'channel2': array([-0.299, -0.21 ,  0.076, ..., -0.21 ,  0.294,  0.658])}"
Bearing3_1,329,10:05:19,Training,"{'channel1': array([ 0.095, -0.246, -0.423, ..., -0.031, -0.612,  0.12 ]), 'channel2': array([-0.794,  0.47 ,  0.565, ...,  0.33 ,  0.401, -0.086])}"
Bearing3_1,256,09:53:09,Training,"{'channel1': array([ 0.172, -0.183, -0.187, ..., -0.297, -0.243,  0.487]), 'channel2': array([-0.007,  0.146,  0.256, ...,  0.254, -0.049, -0.251])}"
Bearing3_1,204,09:44:29,Training,"{'channel1': array([0.2  , 0.316, 0.189, ..., 0.04 , 0.109, 0.059]), 'channel2': array([ 0.161, -0.2  , -0.309, ..., -0.613, -0.019,  0.189])}"
Bearing3_1,247,09:51:39,Training,"{'channel1': array([ 0.145,  0.195, -0.183, ..., -0.413, -0.369, -0.196]), 'channel2': array([-0.203, -0.275,  0.186, ..., -0.277,  0.025,  0.163])}"
Bearing3_1,375,10:12:59,Training,"{'channel1': array([-0.162, -0.182, -0.078, ...,  0.179,  0.215,  0.181]), 'channel2': array([ 0.144, -0.178, -0.264, ..., -0.426,  0.273, -0.204])}"
Bearing3_1,388,10:15:09,Training,"{'channel1': array([ 0.188,  0.338, -0.14 , ..., -0.132, -0.176, -0.191]), 'channel2': array([ 0.311, -0.157,  0.065, ...,  0.148,  0.613,  0.274])}"
Bearing3_1,467,10:28:19,Training,"{'channel1': array([ 0.013, -0.325, -0.505, ..., -0.051, -0.295, -0.589]), 'channel2': array([-0.109,  0.007,  0.181, ...,  0.289,  0.063,  0.052])}"
Bearing3_1,438,10:23:29,Training,"{'channel1': array([-0.212, -0.261,  0.115, ...,  0.488,  0.152, -0.241]), 'channel2': array([ 0.026,  0.434, -0.435, ...,  0.164,  0.204,  0.052])}"
Bearing3_1,446,10:24:49,Training,"{'channel1': array([-0.211, -0.078,  0.032, ..., -0.318, -0.099,  0.151]), 'channel2': array([ 0.129, -0.38 ,  0.133, ...,  0.234, -0.004, -0.12 ])}"
Bearing3_1,303,10:00:59,Training,"{'channel1': array([-0.556, -0.17 , -0.038, ...,  0.094,  0.129, -0.101]), 'channel2': array([ 0.317,  0.048, -0.001, ..., -0.107,  0.087, -0.106])}"
Bearing3_1,511,10:35:39,Training,"{'channel1': array([ 0.566,  1.388,  0.505, ..., -0.867,  1.925,  1.245]), 'channel2': array([ 0.058, -2.863,  0.527, ...,  1.581, -0.634, -2.325])}"
Bearing3_1,455,10:26:19,Training,"{'channel1': array([ 0.206, -0.086, -0.176, ...,  0.274, -0.032, -0.026]), 'channel2': array([-0.303,  0.415, -0.153, ..., -0.354, -0.664, -0.857])}"
Bearing3_1,300,10:00:29,Training,"{'channel1': array([-0.352, -0.051, -0.356, ..., -0.069, -0.017,  0.09 ]), 'channel2': array([ 0.239,  0.36 , -0.184, ..., -0.001,  0.22 , -0.353])}"
Bearing3_1,148,09:35:09,Training,"{'channel1': array([ 0.244, -0.271, -0.402, ..., -0.455,  0.032,  0.072]), 'channel2': array([ 0.295, -0.136,  0.704, ...,  0.029,  0.124, -0.031])}"
Bearing3_1,393,10:15:59,Training,"{'channel1': array([ 0.624,  0.3  ,  0.246, ..., -0.23 , -0.167, -0.257]), 'channel2': array([ 0.089, -0.517, -0.297, ...,  0.076,  0.13 ,  0.548])}"
Bearing3_1,49,09:18:39,Training,"{'channel1': array([ 0.314, -0.134, -0.56 , ...,  0.415,  0.244,  0.139]), 'channel2': array([-0.208,  0.143,  0.227, ...,  0.126,  0.255, -0.16 ])}"
Bearing3_1,264,09:54:29,Training,"{'channel1': array([ 0.18 , -0.118, -0.102, ..., -0.45 , -0.092,  0.11 ]), 'channel2': array([ 0.001,  0.188, -0.178, ...,  0.316,  0.854,  0.003])}"
Bearing3_1,58,09:20:09,Training,"{'channel1': array([-0.255, -0.457, -0.108, ...,  0.526,  0.799,  0.753]), 'channel2': array([ 0.207,  0.388,  0.42 , ...,  0.093,  0.189, -0.221])}"
Bearing3_1,348,10:08:29,Training,"{'channel1': array([ 0.11 ,  0.233, -0.378, ..., -0.065,  0.061,  0.44 ]), 'channel2': array([ 0.19 , -0.254, -0.14 , ..., -0.052, -0.526,  0.066])}"
Bearing3_1,436,10:23:09,Training,"{'channel1': array([-0.155,  0.146,  0.283, ..., -0.323, -0.482, -0.238]), 'channel2': array([-0.196,  0.455, -0.063, ..., -0.073, -0.183, -0.055])}"
Bearing3_1,89,09:25:19,Training,"{'channel1': array([ 0.302,  0.361,  0.516, ...,  0.02 , -0.14 , -0.122]), 'channel2': array([-0.308,  0.067, -0.027, ...,  0.009,  0.565,  0.049])}"
Bearing3_1,281,09:57:19,Training,"{'channel1': array([ 0.407, -0.405, -0.46 , ...,  1.301,  0.913,  0.85 ]), 'channel2': array([ 0.139, -0.382,  0.662, ..., -0.054, -0.896, -0.481])}"
Bearing3_1,87,09:24:59,Training,"{'channel1': array([ 0.447,  0.314,  0.639, ..., -0.239, -0.305, -0.326]), 'channel2': array([ 0.328,  0.179, -0.348, ..., -0.175, -0.181,  0.356])}"
Bearing3_1,453,10:25:59,Training,"{'channel1': array([0.141, 0.042, 0.092, ..., 0.416, 0.312, 0.417]), 'channel2': array([ 0.29 , -0.197,  0.216, ...,  0.425, -0.09 , -0.422])}"
Bearing3_1,166,09:38:09,Training,"{'channel1': array([ 0.073,  0.068,  0.128, ...,  0.272,  0.421, -0.031]), 'channel2': array([-0.009, -0.235,  0.159, ...,  0.017, -0.22 ,  0.176])}"
Bearing3_1,133,09:32:39,Training,"{'channel1': array([-0.892, -0.812, -0.583, ..., -0.103, -0.103, -0.03 ]), 'channel2': array([ 0.242, -0.565,  0.532, ...,  0.034,  0.029,  0.141])}"
Bearing3_1,270,09:55:29,Training,"{'channel1': array([ 0.331,  0.344, -0.029, ..., -0.348, -0.065,  0.336]), 'channel2': array([-0.245,  0.095,  0.097, ...,  0.058,  0.341, -0.257])}"
Bearing3_1,280,09:57:09,Training,"{'channel1': array([-0.083,  0.129, -0.117, ...,  0.321,  0.199, -0.253]), 'channel2': array([ 0.212,  0.159, -0.1  , ..., -0.352, -0.398,  0.192])}"
Bearing3_1,454,10:26:09,Training,"{'channel1': array([0.435, 0.522, 0.659, ..., 0.316, 0.359, 0.149]), 'channel2': array([-0.504, -0.048,  0.465, ..., -0.22 , -0.225,  0.043])}"
Bearing3_1,135,09:32:59,Training,"{'channel1': array([ 0.432,  0.542,  0.572, ..., -0.092, -0.24 , -0.241]), 'channel2': array([ 0.687, -0.229, -0.525, ...,  0.209,  0.091,  0.285])}"
Bearing3_1,273,09:55:59,Training,"{'channel1': array([-0.136, -0.242, -0.199, ...,  0.134, -0.525, -0.435]), 'channel2': array([-0.072, -0.05 , -0.103, ..., -0.617, -0.057,  0.482])}"
Bearing3_1,395,10:16:19,Training,"{'channel1': array([ 0.086,  0.452,  0.443, ..., -0.526, -0.082, -0.053]), 'channel2': array([ 0.369,  0.21 , -0.54 , ...,  0.098,  0.045,  0.07 ])}"
Bearing3_1,17,09:13:19,Training,"{'channel1': array([ 0.105,  0.065,  0.103, ...,  0.4  , -0.086, -0.763]), 'channel2': array([ 0.325, -0.262, -0.405, ..., -0.161, -0.424, -0.339])}"
Bearing3_1,334,10:06:09,Training,"{'channel1': array([ 0.436,  0.328, -0.104, ...,  0.555,  0.427,  0.028]), 'channel2': array([ 0.217,  0.046, -0.066, ..., -0.226,  0.074,  0.245])}"
Bearing3_1,62,09:20:49,Training,"{'channel1': array([ 0.035, -0.109,  0.066, ...,  0.252,  0.073, -0.022]), 'channel2': array([ 0.011,  0.119, -0.14 , ..., -0.081,  0.068,  0.291])}"
Bearing3_1,125,09:31:19,Training,"{'channel1': array([ 0.215,  0.17 , -0.061, ..., -0.403, -0.516, -0.045]), 'channel2': array([ 0.014,  0.166, -0.25 , ...,  0.53 ,  0.046, -0.245])}"
Bearing3_1,389,10:15:19,Training,"{'channel1': array([ 0.09 ,  0.065, -0.33 , ..., -0.486, -0.111,  0.071]), 'channel2': array([-0.125, -0.238, -0.176, ...,  0.228, -0.552, -0.321])}"
Bearing3_1,448,10:25:09,Training,"{'channel1': array([ 0.418,  0.306, -0.059, ..., -0.169, -0.21 , -0.083]), 'channel2': array([ 0.272,  0.001, -0.352, ...,  0.135, -0.17 , -0.285])}"
Bearing3_1,34,09:16:09,Training,"{'channel1': array([-0.366, -0.606, -0.423, ..., -0.026, -0.296, -0.573]), 'channel2': array([-0.27 , -0.119, -0.207, ..., -0.042, -0.379,  0.319])}"
Bearing3_1,50,09:18:49,Training,"{'channel1': array([-0.113,  0.674,  0.737, ...,  0.138, -0.088, -0.173]), 'channel2': array([ 0.134, -0.159, -0.147, ..., -0.309, -0.304,  0.537])}"
Bearing3_1,286,09:58:09,Training,"{'channel1': array([ 0.156,  0.122, -0.059, ...,  0.467,  0.783,  0.715]), 'channel2': array([ 0.074,  0.091,  0.033, ...,  0.178, -0.483, -0.045])}"
Bearing3_1,224,09:47:49,Training,"{'channel1': array([-0.133, -0.08 ,  0.318, ...,  0.478,  0.706,  0.558]), 'channel2': array([-0.379,  0.262,  0.52 , ..., -0.023, -0.134, -0.209])}"
Bearing3_1,401,10:17:19,Training,"{'channel1': array([-0.255, -0.227, -0.075, ..., -0.037,  0.353,  0.193]), 'channel2': array([-0.16 ,  0.171, -0.426, ..., -0.142,  0.031,  0.134])}"
Bearing3_1,259,09:53:39,Training,"{'channel1': array([-0.152,  0.219, -0.117, ..., -0.141, -0.1  ,  0.075]), 'channel2': array([ 0.084,  0.384, -0.261, ...,  0.049,  0.109, -0.039])}"
Bearing3_1,364,10:11:09,Training,"{'channel1': array([-0.341, -0.219, -0.148, ..., -0.115,  0.158,  0.23 ]), 'channel2': array([ 0.361,  0.394,  0.218, ..., -0.25 , -0.588,  0.492])}"
Bearing3_1,27,09:14:59,Training,"{'channel1': array([ 0.385,  0.245, -0.311, ...,  0.046, -0.255, -0.219]), 'channel2': array([-0.196, -0.213,  0.019, ..., -0.303, -0.258,  0.003])}"
Bearing3_1,478,10:30:09,Training,"{'channel1': array([-0.513, -0.253,  0.189, ..., -0.822, -0.811, -1.124]), 'channel2': array([-0.114,  0.1  , -0.151, ..., -0.168,  0.012,  0.51 ])}"
Bearing3_1,420,10:20:29,Training,"{'channel1': array([ 0.034, -0.094,  0.119, ..., -0.096,  0.094,  0.234]), 'channel2': array([ 0.314, -0.109,  0.333, ..., -0.058, -0.038, -0.153])}"
Bearing3_1,356,10:09:49,Training,"{'channel1': array([-0.282, -0.582, -0.285, ...,  0.239,  0.412,  0.341]), 'channel2': array([-0.022, -0.136,  0.067, ...,  0.35 ,  0.217,  0.054])}"
Bearing3_1,266,09:54:49,Training,"{'channel1': array([ 0.068, -0.174, -0.116, ...,  0.019, -0.242, -0.452]), 'channel2': array([ 0.526, -0.386, -0.066, ...,  0.23 ,  0.033,  0.298])}"
Bearing3_1,317,10:03:19,Training,"{'channel1': array([ 0.177,  0.323,  0.254, ..., -0.331, -0.344, -0.422]), 'channel2': array([ 0.049, -0.159,  0.297, ..., -0.369, -0.196,  0.166])}"
Bearing3_1,480,10:30:29,Training,"{'channel1': array([-0.311, -0.101, -0.18 , ...,  0.237,  0.157, -0.029]), 'channel2': array([ 0.299, -0.216, -0.066, ..., -0.482, -0.015, -0.33 ])}"
Bearing3_1,374,10:12:49,Training,"{'channel1': array([ 0.158,  0.158,  0.093, ..., -0.031,  0.029, -0.08 ]), 'channel2': array([ 0.296, -0.13 ,  0.192, ..., -0.153,  0.382,  0.239])}"
Bearing3_1,509,10:35:19,Training,"{'channel1': array([ 0.245, -0.785, -0.894, ...,  0.209, -0.761,  0.225]), 'channel2': array([-2.077,  0.3  , -0.461, ..., -1.335,  0.803,  1.111])}"
Bearing3_1,45,09:17:59,Training,"{'channel1': array([-0.097, -0.005,  0.202, ..., -0.303,  0.107,  0.178]), 'channel2': array([ 0.032, -0.173,  0.306, ...,  0.137, -0.483,  0.251])}"
Bearing3_1,457,10:26:39,Training,"{'channel1': array([-0.386, -0.47 , -0.188, ...,  0.375,  0.242,  0.115]), 'channel2': array([-0.088,  0.372, -0.076, ...,  0.042, -0.271,  0.026])}"
Bearing3_1,93,09:25:59,Training,"{'channel1': array([-0.018, -0.087, -0.164, ..., -0.206, -0.14 , -0.119]), 'channel2': array([-0.194,  0.413, -0.026, ...,  0.206, -0.477, -0.15 ])}"
Bearing3_1,83,09:24:19,Training,"{'channel1': array([-0.129, -0.487, -0.729, ..., -0.159,  0.142,  0.34 ]), 'channel2': array([ 0.278, -0.254, -0.326, ...,  0.009,  0.178, -0.289])}"
Bearing3_1,122,09:30:49,Training,"{'channel1': array([ 0.095, -0.156, -0.427, ..., -0.286, -0.133,  0.122]), 'channel2': array([ 0.209, -0.287,  0.002, ...,  0.446,  0.101,  0.164])}"
Bearing3_1,109,09:28:39,Training,"{'channel1': array([-0.17 ,  0.105, -0.092, ..., -0.166,  0.038,  0.03 ]), 'channel2': array([ 0.069,  0.442,  0.22 , ..., -0.276, -0.071,  0.163])}"
Bearing3_1,378,10:13:29,Training,"{'channel1': array([-0.097,  0.105,  0.03 , ..., -0.379, -0.031,  0.396]), 'channel2': array([-0.14 , -0.323,  0.243, ...,  0.372, -0.114, -0.816])}"
Bearing3_1,466,10:28:09,Training,"{'channel1': array([ 0.26 ,  0.121,  0.191, ...,  0.28 ,  0.415, -0.172]), 'channel2': array([-0.49 , -0.039,  0.005, ...,  0.44 , -0.286,  0.244])}"
Bearing3_1,233,09:49:19,Training,"{'channel1': array([ 0.532, -0.114,  0.132, ..., -0.542, -0.517, -0.253]), 'channel2': array([-0.152,  0.14 ,  0.354, ...,  0.358,  0.332,  0.239])}"
Bearing3_1,271,09:55:39,Training,"{'channel1': array([ 0.249,  0.442, -0.259, ..., -0.401, -0.471, -0.469]), 'channel2': array([ 0.293, -0.311, -0.304, ...,  0.664, -0.28 ,  0.482])}"
Bearing3_1,37,09:16:39,Training,"{'channel1': array([-0.167, -0.005, -0.114, ..., -0.149,  0.086,  0.284]), 'channel2': array([ 0.177, -0.61 , -0.052, ...,  0.426,  0.301, -0.339])}"
Bearing3_1,113,09:29:19,Training,"{'channel1': array([ 0.605,  0.191, -0.397, ...,  0.064,  0.208,  0.419]), 'channel2': array([ 0.069, -0.159,  0.115, ...,  0.438,  0.233, -0.598])}"
Bearing3_1,386,10:14:49,Training,"{'channel1': array([-0.294,  0.179, -0.208, ...,  0.366,  0.244,  0.043]), 'channel2': array([ 0.34 ,  0.238, -0.388, ..., -0.549,  0.03 ,  0.182])}"
Bearing3_1,42,09:17:29,Training,"{'channel1': array([ 0.08 ,  0.149, -0.047, ...,  0.522,  0.493,  0.271]), 'channel2': array([ 0.339, -0.082, -0.013, ..., -0.042,  0.093, -0.157])}"
Bearing3_1,76,09:23:09,Training,"{'channel1': array([-0.038,  0.129,  0.371, ...,  0.365,  0.137, -0.275]), 'channel2': array([ 0.434,  0.183,  0.368, ...,  0.128, -0.065,  0.051])}"
Bearing3_1,129,09:31:59,Training,"{'channel1': array([-0.015,  0.009,  0.054, ...,  0.865,  0.113, -0.247]), 'channel2': array([ 0.309,  0.12 , -0.076, ...,  0.103,  0.135, -0.348])}"
Bearing3_1,36,09:16:29,Training,"{'channel1': array([ 0.455,  0.369,  0.254, ...,  0.358,  0.038, -0.517]), 'channel2': array([-0.367, -0.223,  0.418, ..., -0.14 ,  0.053, -0.274])}"
Bearing3_1,383,10:14:19,Training,"{'channel1': array([ 0.287,  0.547,  0.266, ..., -0.185, -0.181, -0.093]), 'channel2': array([ 0.077, -0.531, -0.459, ...,  0.423, -0.009, -0.335])}"
Bearing3_1,188,09:41:49,Training,"{'channel1': array([ 0.014,  0.063,  0.359, ..., -0.447, -0.371, -0.357]), 'channel2': array([ 0.011, -0.083,  0.453, ...,  0.187, -0.547,  0.106])}"
Bearing3_1,354,10:09:29,Training,"{'channel1': array([ 0.037, -0.022,  0.389, ...,  0.296,  0.142,  0.216]), 'channel2': array([ 0.074,  0.061,  0.269, ..., -0.096, -0.068,  0.14 ])}"
Bearing3_1,294,09:59:29,Training,"{'channel1': array([ 0.291, -0.057,  0.085, ...,  0.455,  0.173,  0.122]), 'channel2': array([-0.257,  0.389,  0.235, ..., -0.167, -0.245, -0.44 ])}"
Bearing3_1,67,09:21:39,Training,"{'channel1': array([ 0.079,  0.345,  0.412, ..., -0.199,  0.19 ,  0.299]), 'channel2': array([ 0.21 , -0.271, -0.394, ...,  0.212, -0.514,  0.631])}"
Bearing3_1,95,09:26:19,Training,"{'channel1': array([ 0.11 , -0.307, -0.087, ...,  0.058, -0.02 , -0.17 ]), 'channel2': array([-0.501,  0.228, -0.429, ..., -0.394,  0.078,  0.16 ])}"
Bearing3_1,433,10:22:39,Training,"{'channel1': array([ 0.152,  0.214,  0.1  , ...,  0.162, -0.167, -0.057]), 'channel2': array([-0.262,  0.078,  0.25 , ..., -0.14 , -0.178, -0.091])}"
Bearing3_1,337,10:06:39,Training,"{'channel1': array([ 0.368,  0.449, -0.102, ...,  0.171,  0.033, -0.25 ]), 'channel2': array([ 0.329,  0.201, -0.095, ..., -0.073, -0.041, -0.045])}"
Bearing3_1,78,09:23:29,Training,"{'channel1': array([-0.187,  0.382,  0.35 , ...,  0.474,  0.009,  0.247]), 'channel2': array([ 0.283, -0.231, -0.319, ..., -0.923, -0.043, -0.158])}"
Bearing3_1,485,10:31:19,Training,"{'channel1': array([-0.405, -0.115, -0.083, ...,  0.122,  0.371,  0.13 ]), 'channel2': array([ 0.102,  0.234, -0.509, ...,  0.25 , -0.598, -0.075])}"
Bearing3_1,257,09:53:19,Training,"{'channel1': array([ 0.253, -0.236,  0.086, ..., -0.023, -0.539, -0.45 ]), 'channel2': array([ 0.064,  0.101,  0.122, ...,  0.001, -0.176,  0.057])}"
Bearing3_1,209,09:45:19,Training,"{'channel1': array([0.28 , 0.799, 0.698, ..., 0.38 , 0.528, 0.364]), 'channel2': array([ 0.189,  0.412,  0.023, ..., -0.293, -0.284,  0.297])}"
Bearing3_1,277,09:56:39,Training,"{'channel1': array([-0.125, -0.192,  0.052, ...,  0.103,  0.324,  0.652]), 'channel2': array([-0.006,  0.974, -0.125, ..., -0.49 ,  0.41 ,  0.175])}"
Bearing3_1,144,09:34:29,Training,"{'channel1': array([-0.206, -0.103,  0.279, ..., -0.179, -0.371, -0.378]), 'channel2': array([-0.411,  0.131,  0.075, ...,  0.434,  0.09 ,  0.274])}"
Bearing3_1,140,09:33:49,Training,"{'channel1': array([-0.237, -0.075,  0.164, ..., -0.055,  0.   ,  0.045]), 'channel2': array([ 0.213, -0.335, -0.356, ..., -0.287, -0.   ,  0.253])}"
Bearing3_1,427,10:21:39,Training,"{'channel1': array([-0.08 ,  0.087,  0.252, ...,  0.147,  0.13 , -0.008]), 'channel2': array([-0.303,  0.161,  0.508, ...,  0.086,  0.11 , -0.113])}"
Bearing3_1,12,09:12:29,Training,"{'channel1': array([ 0.116,  0.251,  0.184, ..., -0.618, -0.346,  0.019]), 'channel2': array([-0.021, -0.017,  0.052, ...,  0.563,  0.127,  0.08 ])}"
Bearing3_1,120,09:30:29,Training,"{'channel1': array([ 0.355,  0.269,  0.173, ..., -0.393, -0.372, -0.128]), 'channel2': array([-0.223, -0.442, -0.487, ...,  0.427,  0.137, -0.283])}"
Bearing3_1,333,10:05:59,Training,"{'channel1': array([ 0.027, -0.073, -0.292, ...,  0.221, -0.019, -0.112]), 'channel2': array([ 0.362, -0.402,  0.181, ..., -0.252,  0.053, -0.02 ])}"
Bearing3_1,179,09:40:19,Training,"{'channel1': array([-0.544, -0.209, -0.267, ...,  0.109, -0.027, -0.192]), 'channel2': array([ 0.268, -0.693, -0.036, ..., -0.026,  0.152, -0.276])}"
Bearing3_1,278,09:56:49,Training,"{'channel1': array([-0.351,  0.025, -0.131, ..., -0.145, -0.075,  0.06 ]), 'channel2': array([ 0.129,  0.176,  0.095, ...,  0.085, -0.259, -0.084])}"
Bearing3_1,202,09:44:09,Training,"{'channel1': array([-0.06 , -0.201, -0.005, ...,  0.095,  0.178,  0.489]), 'channel2': array([-0.205, -0.16 , -0.036, ..., -0.247, -0.331, -0.522])}"
Bearing3_1,198,09:43:29,Training,"{'channel1': array([-0.068,  0.15 , -0.028, ...,  0.238,  0.443,  0.488]), 'channel2': array([ 0.488,  0.122, -0.841, ...,  0.078,  0.001, -0.947])}"
Bearing3_1,97,09:26:39,Training,"{'channel1': array([ 0.211,  0.069, -0.03 , ...,  0.399, -0.091, -0.456]), 'channel2': array([ 0.028, -0.176, -0.472, ...,  0.108, -0.296,  0.054])}"
Bearing3_1,158,09:36:49,Training,"{'channel1': array([ 0.109,  0.196,  0.103, ..., -0.257, -0.219,  0.304]), 'channel2': array([ 0.439,  0.117, -0.644, ...,  0.303,  0.599,  0.106])}"
Bearing3_1,4,09:11:09,Training,"{'channel1': array([ 0.243,  0.21 , -0.042, ..., -0.453, -0.335,  0.017]), 'channel2': array([0.277, 0.353, 0.196, ..., 0.152, 0.197, 0.31 ])}"
Bearing3_1,326,10:04:49,Training,"{'channel1': array([-0.345, -0.62 , -0.891, ..., -0.057, -0.123,  0.186]), 'channel2': array([-0.468,  0.64 ,  0.648, ..., -0.193,  0.065,  0.228])}"
Bearing3_1,77,09:23:19,Training,"{'channel1': array([-0.512, -0.234, -0.185, ...,  0.102,  0.491,  0.483]), 'channel2': array([ 0.234, -0.573, -0.262, ..., -0.457,  0.113,  0.367])}"
Bearing3_1,483,10:30:59,Training,"{'channel1': array([-0.178,  0.125,  0.241, ...,  0.463,  0.527, -0.119]), 'channel2': array([-0.249, -0.249,  0.23 , ..., -0.772, -0.389,  0.37 ])}"
Bearing3_1,75,09:22:59,Training,"{'channel1': array([ 0.02 ,  0.137,  0.335, ..., -0.401, -0.462, -0.23 ]), 'channel2': array([ 0.085, -0.347, -0.213, ..., -0.092,  0.683, -0.051])}"
Bearing3_1,18,09:13:29,Training,"{'channel1': array([-0.757, -0.145,  0.44 , ..., -0.116, -0.345, -0.495]), 'channel2': array([ 0.485, -0.091, -0.051, ..., -0.046, -0.053, -0.217])}"
Bearing3_1,275,09:56:19,Training,"{'channel1': array([ 0.16 , -0.088, -0.083, ..., -0.342, -0.116,  0.055]), 'channel2': array([ 0.367, -0.529, -0.206, ...,  0.398, -0.024,  0.102])}"
Bearing3_1,130,09:32:09,Training,"{'channel1': array([-0.036, -0.136, -0.277, ...,  0.017,  0.389,  0.81 ]), 'channel2': array([-0.262,  0.453,  0.784, ..., -0.145,  0.243, -0.027])}"
Bearing3_1,474,10:29:29,Training,"{'channel1': array([ 0.403,  0.205,  0.034, ...,  0.137, -0.024, -0.004]), 'channel2': array([ 0.082,  0.07 ,  0.248, ..., -0.274,  0.065,  0.122])}"
Bearing3_1,107,09:28:19,Training,"{'channel1': array([ 0.021, -0.178, -0.007, ..., -0.104,  0.133, -0.011]), 'channel2': array([ 0.083, -0.398,  0.575, ..., -0.058, -0.095, -0.022])}"
Bearing3_1,423,10:20:59,Training,"{'channel1': array([-0.431, -0.289,  0.095, ..., -0.243, -0.008, -0.152]), 'channel2': array([ 0.082,  0.158, -0.131, ...,  0.086, -0.094, -0.045])}"
Bearing3_1,246,09:51:29,Training,"{'channel1': array([ 0.188, -0.066,  0.079, ..., -0.299,  0.023,  0.35 ]), 'channel2': array([ 0.057,  0.481,  0.399, ..., -0.099,  0.258, -0.577])}"
Bearing3_1,43,09:17:39,Training,"{'channel1': array([ 0.104,  0.226, -0.068, ..., -0.318,  0.063,  0.302]), 'channel2': array([-0.145, -0.144, -0.032, ...,  0.382, -0.098,  0.172])}"
Bearing3_1,372,10:12:29,Training,"{'channel1': array([-0.336, -0.528, -0.592, ...,  0.486,  0.505, -0.024]), 'channel2': array([-0.248, -0.142,  0.389, ..., -0.277,  0.116, -0.055])}"
Bearing3_1,342,10:07:29,Training,"{'channel1': array([-0.26 , -0.393, -0.213, ..., -0.194, -0.545, -0.443]), 'channel2': array([ 0.164, -0.77 ,  0.68 , ...,  0.198,  0.166,  0.151])}"
Bearing3_1,495,10:32:59,Training,"{'channel1': array([-0.066,  0.772,  1.045, ..., -0.086, -0.22 ,  0.122]), 'channel2': array([ 1.888, -2.019, -1.867, ...,  0.405, -0.721,  0.078])}"
Bearing3_1,44,09:17:49,Training,"{'channel1': array([ 0.17 , -0.354, -0.366, ...,  0.709,  0.694,  0.237]), 'channel2': array([-0.504,  0.024,  0.528, ...,  0.393, -0.55 , -0.647])}"
Bearing3_1,274,09:56:09,Training,"{'channel1': array([-0.208,  0.16 , -0.028, ..., -0.232,  0.449,  1.239]), 'channel2': array([ 0.093,  0.088, -0.767, ...,  0.133,  0.245,  0.058])}"
Bearing3_1,22,09:14:09,Training,"{'channel1': array([ 0.432,  0.183, -0.343, ...,  0.75 ,  0.226, -0.252]), 'channel2': array([-0.025,  0.062,  0.082, ..., -0.344, -0.235,  0.503])}"
Bearing3_1,243,09:50:59,Training,"{'channel1': array([-0.306, -0.252,  0.037, ..., -0.076,  0.362,  0.432]), 'channel2': array([ 0.412, -0.072,  0.053, ...,  0.242, -0.406, -0.359])}"
Bearing3_1,7,09:11:39,Training,"{'channel1': array([-0.227, -0.887, -0.962, ...,  0.059,  0.349,  0.36 ]), 'channel2': array([-0.359, -0.399,  0.32 , ..., -0.021,  0.107, -0.649])}"
Bearing3_1,164,09:37:49,Training,"{'channel1': array([-0.07 ,  0.153,  0.356, ...,  0.034,  0.027, -0.409]), 'channel2': array([-0.26 , -0.001, -0.075, ...,  0.023, -0.205,  0.228])}"
Bearing3_1,452,10:25:49,Training,"{'channel1': array([ 0.035, -0.132, -0.277, ..., -0.2  , -0.225,  0.094]), 'channel2': array([-0.27 ,  0.025,  0.753, ...,  0.226, -0.341, -0.271])}"
Bearing3_1,10,09:12:09,Training,"{'channel1': array([ 0.307, -0.08 , -0.262, ..., -0.286, -0.546, -0.409]), 'channel2': array([-0.359,  0.266,  0.273, ...,  0.084,  0.176,  0.096])}"
Bearing3_1,296,09:59:49,Training,"{'channel1': array([-0.079,  0.035,  0.117, ..., -0.131, -0.004,  0.062]), 'channel2': array([-0.248,  0.383,  0.219, ..., -0.477,  0.255, -0.031])}"
Bearing3_1,127,09:31:39,Training,"{'channel1': array([ 0.166,  0.499,  0.118, ...,  0.591,  0.398, -0.115]), 'channel2': array([-0.177, -0.062,  0.451, ..., -0.569,  0.084,  0.59 ])}"
Bearing3_1,9,09:11:59,Training,"{'channel1': array([ 0.349, -0.014, -0.698, ..., -0.855, -0.609, -0.196]), 'channel2': array([-0.357, -0.16 ,  0.319, ...,  0.322,  0.274,  0.09 ])}"
Bearing3_1,346,10:08:09,Training,"{'channel1': array([-0.005,  0.352,  0.101, ..., -0.287, -0.745, -0.047]), 'channel2': array([ 0.291, -0.02 , -0.319, ..., -0.479,  0.322,  0.011])}"
Bearing3_1,241,09:50:39,Training,"{'channel1': array([-0.092, -0.135, -0.081, ...,  0.474, -0.09 , -0.041]), 'channel2': array([-0.34 , -0.079,  0.534, ...,  0.199, -0.792, -0.33 ])}"
Bearing3_1,64,09:21:09,Training,"{'channel1': array([-0.081,  0.162,  0.234, ...,  0.287,  0.003, -0.118]), 'channel2': array([-0.035,  0.025,  0.064, ..., -0.416,  0.092, -0.097])}"
Bearing3_1,26,09:14:49,Training,"{'channel1': array([ 0.139, -0.283, -0.464, ...,  0.41 , -0.462, -1.021]), 'channel2': array([-0.068,  0.141,  0.428, ...,  0.514,  0.074,  0.75 ])}"
Bearing3_1,332,10:05:49,Training,"{'channel1': array([-0.716,  0.413,  0.594, ...,  0.014,  0.039, -0.026]), 'channel2': array([0.39 , 0.046, 0.011, ..., 0.266, 0.207, 0.116])}"
Bearing3_1,177,09:39:59,Training,"{'channel1': array([ 0.625, -0.067,  0.012, ..., -0.686, -0.547, -1.222]), 'channel2': array([ 0.713, -0.106,  0.577, ..., -0.163, -0.327, -0.47 ])}"
Bearing3_1,146,09:34:49,Training,"{'channel1': array([ 0.238, -0.221, -0.33 , ...,  0.122,  0.054,  0.488]), 'channel2': array([ 0.011, -0.299,  0.369, ...,  0.195, -0.387,  0.041])}"
Bearing3_1,165,09:37:59,Training,"{'channel1': array([ 0.037,  0.06 , -0.08 , ..., -0.38 , -0.423, -0.304]), 'channel2': array([ 0.069,  0.048,  0.035, ...,  0.422, -0.272, -0.276])}"
Bearing3_1,114,09:29:29,Training,"{'channel1': array([ 0.57 ,  0.698,  0.438, ..., -0.183, -0.187, -0.078]), 'channel2': array([ 0.358, -0.   , -0.165, ..., -0.125,  0.094,  0.259])}"
Bearing3_1,487,10:31:39,Training,"{'channel1': array([ 0.35 ,  0.044, -0.494, ..., -0.088, -0.157,  0.402]), 'channel2': array([-0.085, -0.033, -0.021, ...,  0.418,  0.243,  0.021])}"
Bearing3_1,410,10:18:49,Training,"{'channel1': array([ 0.11 , -0.01 ,  0.234, ..., -0.364, -0.168,  0.1  ]), 'channel2': array([ 0.389,  0.135, -0.252, ...,  0.155,  0.018,  0.395])}"
Bearing3_1,73,09:22:39,Training,"{'channel1': array([-0.45 , -0.668, -0.121, ...,  1.459,  1.976,  1.849]), 'channel2': array([ 0.101,  0.062, -0.215, ...,  0.161,  0.263, -0.024])}"
Bearing3_1,325,10:04:39,Training,"{'channel1': array([ 0.346,  0.476,  0.442, ..., -0.115,  0.28 ,  0.273]), 'channel2': array([-0.298, -0.18 ,  0.026, ...,  0.277,  0.13 , -0.225])}"
Bearing3_1,310,10:02:09,Training,"{'channel1': array([-0.209, -0.437,  0.078, ..., -0.265, -0.278,  0.327]), 'channel2': array([-0.362, -0.018,  0.175, ...,  0.068, -0.385, -0.291])}"
Bearing3_1,152,09:35:49,Training,"{'channel1': array([-0.017, -0.045,  0.086, ...,  0.032,  0.174, -0.316]), 'channel2': array([-0.141, -0.079,  0.575, ..., -0.117,  0.165,  0.185])}"
Bearing3_1,430,10:22:09,Training,"{'channel1': array([-0.253, -0.289,  0.258, ...,  0.287,  0.146,  0.157]), 'channel2': array([ 0.009, -0.488,  0.174, ..., -0.161, -0.045,  0.208])}"
Bearing3_1,84,09:24:29,Training,"{'channel1': array([ 0.069, -0.044, -0.067, ..., -0.094,  0.049, -0.178]), 'channel2': array([ 0.546,  0.123, -0.283, ...,  0.257,  0.179,  0.32 ])}"
Bearing3_1,391,10:15:39,Training,"{'channel1': array([-0.347, -0.033, -0.083, ...,  0.188,  0.055, -0.243]), 'channel2': array([ 0.306, -0.514, -0.053, ...,  0.039,  0.021, -0.098])}"
Bearing3_1,249,09:51:59,Training,"{'channel1': array([-0.332, -0.519, -0.438, ..., -0.402, -0.608, -0.061]), 'channel2': array([-0.68 ,  0.19 ,  0.185, ...,  0.822,  0.251, -0.67 ])}"
Bearing3_1,449,10:25:19,Training,"{'channel1': array([ 0.336,  0.229, -0.32 , ...,  0.211,  0.489,  0.271]), 'channel2': array([ 0.372,  0.78 ,  0.079, ..., -0.174,  0.224, -0.024])}"
Bearing3_1,437,10:23:19,Training,"{'channel1': array([-0.076, -0.24 , -0.322, ...,  0.568,  0.576,  0.406]), 'channel2': array([-0.585, -0.326,  0.982, ..., -0.618,  0.181,  0.221])}"
Bearing3_1,206,09:44:49,Training,"{'channel1': array([ 0.407,  0.292, -0.246, ...,  0.792,  0.793, -0.018]), 'channel2': array([ 0.682, -0.054, -0.065, ..., -0.187,  0.427, -0.285])}"
Bearing3_1,21,09:13:59,Training,"{'channel1': array([-0.473, -0.062,  0.249, ...,  0.681,  0.759,  0.411]), 'channel2': array([ 0.017, -0.271, -0.374, ...,  0.403, -0.155,  0.135])}"
Bearing3_1,215,09:46:19,Training,"{'channel1': array([-0.03 ,  0.06 , -0.125, ...,  0.066, -0.189, -0.343]), 'channel2': array([ 0.583, -0.032, -0.279, ..., -0.055, -0.11 ,  0.421])}"
Bearing3_1,90,09:25:29,Training,"{'channel1': array([ 0.028,  0.044,  0.42 , ...,  0.025, -0.041, -0.108]), 'channel2': array([-0.002,  0.464, -0.523, ..., -0.269, -0.283, -0.287])}"
Bearing3_1,199,09:43:39,Training,"{'channel1': array([ 0.04 ,  0.074,  0.131, ..., -0.118, -0.08 ,  0.084]), 'channel2': array([-0.195,  0.01 ,  0.015, ...,  0.507, -0.247,  0.169])}"
Bearing3_1,131,09:32:19,Training,"{'channel1': array([ 0.063, -0.164, -0.082, ...,  0.009,  0.1  ,  0.12 ]), 'channel2': array([-0.181,  0.23 , -0.103, ...,  0.041,  0.08 ,  0.157])}"
Bearing3_1,381,10:13:59,Training,"{'channel1': array([ 0.243,  0.247,  0.103, ..., -0.257, -0.436, -0.195]), 'channel2': array([-0.465, -0.218,  0.132, ..., -0.275,  0.227,  0.114])}"
Bearing3_1,167,09:38:19,Training,"{'channel1': array([ 1.299,  1.566,  1.361, ..., -0.071, -0.129, -0.26 ]), 'channel2': array([ 0.143, -0.017,  0.446, ..., -0.517, -0.938, -0.69 ])}"
Bearing3_1,185,09:41:19,Training,"{'channel1': array([ 0.013, -0.426, -0.093, ..., -0.03 ,  0.009, -0.042]), 'channel2': array([-0.024, -0.491,  0.256, ..., -0.07 , -0.523,  0.055])}"
Bearing3_1,102,09:27:29,Training,"{'channel1': array([ 0.717,  0.926,  0.529, ..., -0.281, -0.09 , -0.173]), 'channel2': array([ 0.148, -0.14 ,  0.135, ...,  0.118, -0.037,  0.049])}"
Bearing3_1,134,09:32:49,Training,"{'channel1': array([ 0.1  , -0.035,  0.039, ...,  0.945,  0.599, -0.091]), 'channel2': array([ 0.316, -0.686,  0.319, ..., -0.11 , -0.889,  0.178])}"
Bearing3_1,238,09:50:09,Training,"{'channel1': array([ 0.169, -0.061, -0.072, ..., -0.187, -0.113, -0.012]), 'channel2': array([ 0.101, -0.067,  0.345, ...,  0.038, -0.822, -0.03 ])}"
Bearing3_1,110,09:28:49,Training,"{'channel1': array([ 0.135, -0.248,  0.209, ..., -0.535, -0.223, -0.112]), 'channel2': array([-0.138,  0.419, -0.121, ...,  0.389,  0.161,  0.127])}"
Bearing3_1,384,10:14:29,Training,"{'channel1': array([-0.095, -0.16 , -0.093, ..., -0.167, -0.034, -0.111]), 'channel2': array([ 0.133, -0.035,  0.031, ..., -0.149,  0.197, -0.074])}"
Bearing3_1,349,10:08:39,Training,"{'channel1': array([ 0.37 , -0.03 , -0.213, ..., -0.576, -0.798, -0.605]), 'channel2': array([ 0.251, -0.026,  0.326, ..., -0.328,  0.766,  0.141])}"
Bearing3_1,187,09:41:39,Training,"{'channel1': array([ 0.31 ,  0.42 ,  0.1  , ..., -0.336, -0.11 ,  0.31 ]), 'channel2': array([ 0.092, -0.47 , -0.45 , ..., -0.163,  0.153, -0.268])}"
Bearing3_1,373,10:12:39,Training,"{'channel1': array([-0.117, -0.31 , -0.071, ...,  0.258,  0.054,  0.223]), 'channel2': array([-0.097,  0.055, -0.322, ..., -0.05 , -0.169, -0.287])}"
Bearing3_1,362,10:10:49,Training,"{'channel1': array([-0.526, -0.002,  0.303, ..., -0.332, -0.139, -0.436]), 'channel2': array([ 0.23 , -0.09 ,  0.133, ...,  0.102, -0.325,  0.276])}"
Bearing3_1,500,10:33:49,Training,"{'channel1': array([ 4.300e-02, -7.390e-01,  1.000e-03, ...,  3.280e-01,  4.810e-01,
        1.483e+00]), 'channel2': array([-0.468,  1.101,  0.498, ..., -1.458,  1.575,  1.797])}"
Bearing3_1,368,10:11:49,Training,"{'channel1': array([ 0.019, -0.224, -0.282, ...,  0.01 ,  0.424,  0.397]), 'channel2': array([ 0.134, -0.346,  0.413, ...,  0.252, -0.113,  0.4  ])}"
Bearing3_1,309,10:01:59,Training,"{'channel1': array([-0.369, -0.335,  0.077, ...,  0.028,  0.15 ,  0.19 ]), 'channel2': array([-0.355,  0.097,  0.247, ...,  0.098, -0.318, -0.053])}"
Bearing3_1,182,09:40:49,Training,"{'channel1': array([-0.043,  0.464,  0.207, ..., -0.106, -0.281, -0.048]), 'channel2': array([ 0.06 ,  0.067,  0.074, ..., -0.084, -0.01 ,  0.584])}"
Bearing3_1,153,09:35:59,Training,"{'channel1': array([ 0.011, -0.227, -0.315, ..., -0.746, -0.284,  0.2  ]), 'channel2': array([ 0.037, -0.004,  0.049, ...,  0.205,  0.186, -0.329])}"
Bearing3_1,501,10:33:59,Training,"{'channel1': array([ 1.567,  0.513, -0.218, ..., -0.523,  0.509, -0.194]), 'channel2': array([-4.757, -1.546,  2.532, ...,  0.606, -1.544,  0.663])}"
Bearing3_1,173,09:39:19,Training,"{'channel1': array([-0.426, -0.082,  0.076, ..., -0.44 , -0.821, -0.879]), 'channel2': array([ 0.898,  0.037, -0.329, ...,  0.045,  0.06 , -0.031])}"
Bearing3_1,434,10:22:49,Training,"{'channel1': array([ 0.322,  0.218, -0.191, ..., -0.149,  0.088,  0.295]), 'channel2': array([-0.661, -0.091,  0.298, ...,  0.264, -0.287, -0.26 ])}"
Bearing3_1,258,09:53:29,Training,"{'channel1': array([ 0.081,  0.045, -0.019, ...,  0.058, -0.088, -0.273]), 'channel2': array([-0.474,  0.201, -0.156, ...,  0.389,  0.06 , -0.007])}"
Bearing3_1,223,09:47:39,Training,"{'channel1': array([ 0.607,  0.396, -0.289, ...,  0.552,  0.374,  0.493]), 'channel2': array([-0.35 , -0.33 ,  0.109, ...,  0.246,  0.418,  0.477])}"
Bearing3_1,172,09:39:09,Training,"{'channel1': array([ 0.156,  0.14 ,  0.313, ..., -0.297,  0.279,  0.02 ]), 'channel2': array([ 0.881, -0.344, -0.778, ..., -0.446,  0.047, -0.281])}"
Bearing3_1,499,10:33:39,Training,"{'channel1': array([-0.163, -0.092, -0.98 , ...,  0.998, -0.115, -0.23 ]), 'channel2': array([-0.298, -0.448,  0.139, ..., -2.628,  0.352,  1.967])}"
Bearing3_1,295,09:59:39,Training,"{'channel1': array([-0.206,  0.254,  0.219, ...,  0.3  ,  0.305,  0.308]), 'channel2': array([-0.165, -0.293,  0.188, ...,  0.461, -0.213, -0.243])}"
Bearing3_1,244,09:51:09,Training,"{'channel1': array([-0.629, -0.294, -0.116, ..., -0.191, -0.321, -0.513]), 'channel2': array([-0.191, -0.146, -0.33 , ...,  0.044, -0.055,  0.591])}"
Bearing3_1,47,09:18:19,Training,"{'channel1': array([-0.727, -0.457,  0.253, ...,  0.565,  0.634,  0.275]), 'channel2': array([-0.442,  0.211,  0.091, ...,  0.094, -0.111, -0.185])}"
Bearing3_1,396,10:16:29,Training,"{'channel1': array([ 0.865,  0.6  ,  0.538, ..., -0.005, -0.077, -0.304]), 'channel2': array([-0.284, -0.212, -0.06 , ...,  0.572, -0.095, -0.018])}"
Bearing3_1,382,10:14:09,Training,"{'channel1': array([-0.008, -0.236, -0.146, ..., -1.169, -1.197, -1.036]), 'channel2': array([ 0.033, -0.307,  0.098, ...,  0.311,  0.353,  0.52 ])}"
Bearing3_1,63,09:20:59,Training,"{'channel1': array([ 0.132,  0.151, -0.067, ...,  0.074,  0.205, -0.166]), 'channel2': array([-0.02 , -0.142,  0.013, ...,  0.164,  0.044, -0.133])}"
Bearing3_1,15,09:12:59,Training,"{'channel1': array([-0.419, -0.539, -0.098, ..., -1.389, -0.459,  0.566]), 'channel2': array([-0.131,  0.409, -0.115, ..., -0.046,  0.307, -0.034])}"
Bearing3_1,318,10:03:29,Training,"{'channel1': array([ 1.203,  1.292,  0.997, ..., -0.479, -0.404, -0.08 ]), 'channel2': array([ 0.065,  0.142, -0.134, ..., -0.068,  0.295,  0.366])}"
Bearing3_1,394,10:16:09,Training,"{'channel1': array([ 0.651,  0.271,  0.012, ..., -0.294, -0.041,  0.093]), 'channel2': array([-0.027, -0.117, -0.254, ..., -0.243,  0.238, -0.034])}"
Bearing3_1,465,10:27:59,Training,"{'channel1': array([-0.135, -0.216, -0.268, ...,  0.01 , -0.086, -0.178]), 'channel2': array([-0.03 ,  0.049,  0.411, ...,  0.187,  0.211,  0.125])}"
Bearing3_1,379,10:13:39,Training,"{'channel1': array([-0.056, -0.069,  0.359, ...,  0.178,  0.17 , -0.09 ]), 'channel2': array([ 0.125, -0.134, -0.013, ...,  0.005, -0.483, -0.222])}"
Bearing3_1,482,10:30:49,Training,"{'channel1': array([-0.103,  0.023, -0.533, ..., -0.538, -0.765, -0.94 ]), 'channel2': array([-0.124,  0.477,  0.089, ...,  0.34 ,  0.146, -0.664])}"
Bearing3_1,298,10:00:09,Training,"{'channel1': array([ 0.189,  0.039,  0.088, ..., -0.062, -0.164, -0.211]), 'channel2': array([-0.967,  0.615, -0.017, ...,  0.237, -0.36 ,  0.137])}"
Bearing3_1,53,09:19:19,Training,"{'channel1': array([-0.371, -0.435,  0.034, ..., -0.057,  0.353,  0.722]), 'channel2': array([-0.455,  0.686, -0.116, ..., -0.024,  0.179, -0.025])}"
Bearing3_1,422,10:20:49,Training,"{'channel1': array([-0.306,  0.078,  0.145, ..., -0.274, -0.16 , -0.397]), 'channel2': array([ 0.187, -0.636, -0.074, ...,  0.137,  0.226,  0.033])}"
Bearing3_1,201,09:43:59,Training,"{'channel1': array([ 0.129,  0.126,  0.209, ..., -0.291, -0.301,  0.072]), 'channel2': array([-0.293,  0.073, -0.037, ..., -0.553, -0.071, -0.063])}"
Bearing3_1,143,09:34:19,Training,"{'channel1': array([-0.076,  0.388,  0.635, ..., -0.516, -0.413,  0.1  ]), 'channel2': array([-0.045, -0.206, -0.36 , ...,  0.568,  0.32 , -0.135])}"
Bearing3_1,380,10:13:49,Training,"{'channel1': array([ 0.329,  0.052,  0.02 , ..., -0.253,  0.126,  0.262]), 'channel2': array([-0.257, -0.083,  0.005, ..., -0.003,  0.176, -0.175])}"
Bearing3_1,171,09:38:59,Training,"{'channel1': array([-0.165, -0.65 , -0.315, ..., -0.133, -0.175, -0.155]), 'channel2': array([ 0.05 ,  0.016,  0.242, ...,  0.105,  0.264, -0.217])}"
Bearing3_1,232,09:49:09,Training,"{'channel1': array([-0.1  ,  0.159,  0.005, ...,  0.27 , -0.117, -0.241]), 'channel2': array([-0.2  , -0.154,  0.137, ...,  0.201, -0.406,  0.3  ])}"
Bearing3_1,324,10:04:29,Training,"{'channel1': array([ 0.182, -0.333, -0.186, ..., -0.559, -0.258, -0.001]), 'channel2': array([-0.902, -0.152,  0.611, ..., -0.153, -0.112,  0.002])}"
Bearing3_1,29,09:15:19,Training,"{'channel1': array([-0.147, -0.242, -0.133, ...,  0.222,  0.154,  0.132]), 'channel2': array([0.488, 0.002, 0.243, ..., 0.437, 0.614, 0.01 ])}"
Bearing3_1,31,09:15:39,Training,"{'channel1': array([-0.276, -0.343, -0.265, ..., -0.455, -0.74 , -0.714]), 'channel2': array([-0.095, -0.111,  0.099, ..., -0.103, -0.067,  0.391])}"
Bearing3_1,231,09:48:59,Training,"{'channel1': array([-0.198,  0.01 , -0.018, ..., -0.13 , -0.02 ,  0.108]), 'channel2': array([ 0.019, -0.296, -0.413, ...,  0.567,  0.356, -0.084])}"
Bearing3_1,411,10:18:59,Training,"{'channel1': array([ 0.251, -0.198,  0.182, ..., -0.072, -0.236, -0.404]), 'channel2': array([ 0.421, -0.094,  0.296, ..., -0.089,  0.284, -0.182])}"
Bearing3_1,323,10:04:19,Training,"{'channel1': array([ 0.455, -0.079, -0.001, ..., -0.222, -0.092, -0.245]), 'channel2': array([ 0.207,  0.113,  0.031, ..., -0.293, -0.434,  0.632])}"
Bearing3_1,355,10:09:39,Training,"{'channel1': array([-0.114, -0.219, -0.076, ...,  0.193,  0.482,  0.632]), 'channel2': array([-0.476,  0.095, -0.273, ..., -0.102,  0.749, -0.031])}"
Bearing3_1,353,10:09:19,Training,"{'channel1': array([-0.082,  0.063,  0.198, ..., -0.473, -0.853, -0.885]), 'channel2': array([-0.021,  0.318, -0.342, ..., -0.628, -0.275,  0.588])}"
Bearing3_1,272,09:55:49,Training,"{'channel1': array([ 0.124,  0.248,  0.006, ..., -0.742, -0.31 ,  0.453]), 'channel2': array([-0.085, -0.365, -0.238, ...,  0.229,  0.236, -0.38 ])}"
Bearing3_1,79,09:23:39,Training,"{'channel1': array([ 0.495,  0.417,  0.147, ..., -0.404, -0.483, -0.25 ]), 'channel2': array([-0.252, -0.542,  0.7  , ...,  0.132,  0.716,  0.034])}"
Bearing3_1,13,09:12:39,Training,"{'channel1': array([-0.387,  0.137,  0.278, ...,  0.153, -0.324, -0.459]), 'channel2': array([ 0.12 ,  0.133, -0.141, ..., -0.222,  0.279,  0.195])}"
Bearing3_1,214,09:46:09,Training,"{'channel1': array([-0.114, -0.093, -0.35 , ...,  0.219, -0.219, -0.067]), 'channel2': array([ 0.381, -0.336,  0.506, ..., -0.571, -0.279,  0.058])}"
Bearing3_1,161,09:37:19,Training,"{'channel1': array([ 0.028, -0.239, -0.243, ...,  0.4  ,  0.053,  0.186]), 'channel2': array([-0.053,  0.159,  0.209, ..., -0.446,  0.488, -0.567])}"
Bearing3_1,156,09:36:29,Training,"{'channel1': array([ 0.094,  0.269,  0.156, ...,  0.305, -0.071,  0.023]), 'channel2': array([-0.545, -0.057,  0.258, ..., -0.502,  0.43 , -0.493])}"
Bearing3_1,59,09:20:19,Training,"{'channel1': array([ 0.376,  0.205, -0.11 , ...,  0.314,  0.187,  0.132]), 'channel2': array([-0.29 , -0.17 ,  0.247, ..., -0.043, -0.023, -0.548])}"
Bearing3_1,413,10:19:19,Training,"{'channel1': array([-0.106,  0.052,  0.054, ...,  0.035, -0.113,  0.076]), 'channel2': array([ 0.149, -0.266, -0.178, ...,  0.24 ,  0.254,  0.128])}"
Bearing3_1,344,10:07:49,Training,"{'channel1': array([ 0.2  , -0.022, -0.084, ..., -0.019,  0.146,  0.076]), 'channel2': array([ 0.544, -0.084, -0.496, ..., -0.116, -0.241, -0.531])}"
Bearing3_1,195,09:42:59,Training,"{'channel1': array([0.136, 0.135, 0.094, ..., 0.296, 0.24 , 0.21 ]), 'channel2': array([ 0.164,  0.258, -0.349, ..., -0.244, -0.604,  0.645])}"
Bearing3_1,510,10:35:29,Training,"{'channel1': array([ 0.172, -0.038, -0.456, ..., -0.535, -1.041,  0.413]), 'channel2': array([ 0.08 , -1.11 ,  0.177, ..., -1.139, -0.791,  0.326])}"
Bearing3_1,128,09:31:49,Training,"{'channel1': array([-0.158, -0.161,  0.34 , ..., -0.326, -0.23 , -0.056]), 'channel2': array([ 0.045,  0.012,  0.267, ...,  0.067,  0.068, -0.064])}"
Bearing3_1,369,10:11:59,Training,"{'channel1': array([ 0.069,  0.08 ,  0.496, ..., -0.342, -0.22 , -0.652]), 'channel2': array([ 0.28 ,  0.372, -0.034, ...,  0.158,  0.223,  0.246])}"
Bearing3_1,489,10:31:59,Training,"{'channel1': array([-0.027, -0.127, -0.112, ..., -0.271, -0.1  ,  0.078]), 'channel2': array([ 0.236, -0.334,  0.194, ...,  0.319, -0.126, -0.031])}"
Bearing3_1,515,10:36:19,Training,"{'channel1': array([-0.097,  0.507,  0.28 , ...,  0.736, -0.298, -0.225]), 'channel2': array([ 0.508, -0.987, -0.175, ...,  0.969, -1.069,  0.011])}"
Bearing3_1,32,09:15:49,Training,"{'channel1': array([ 0.202,  0.286, -0.186, ..., -0.191, -0.407, -0.228]), 'channel2': array([ 0.324,  0.009, -0.255, ...,  0.036, -0.16 ,  0.05 ])}"
Bearing3_1,415,10:19:39,Training,"{'channel1': array([0.113, 0.076, 0.294, ..., 0.327, 0.82 , 0.237]), 'channel2': array([-0.286,  0.097, -0.116, ...,  0.061, -0.227, -0.074])}"
Bearing3_1,169,09:38:39,Training,"{'channel1': array([-0.084,  0.045,  0.07 , ..., -0.186, -0.107, -0.039]), 'channel2': array([-0.532,  0.049,  0.179, ...,  0.218, -0.5  ,  0.037])}"
Bearing3_1,6,09:11:29,Training,"{'channel1': array([ 0.922,  0.179, -0.42 , ...,  0.348,  0.254, -0.043]), 'channel2': array([-0.046, -0.094,  0.199, ...,  0.014,  0.06 , -0.102])}"
Bearing3_1,504,10:34:29,Training,"{'channel1': array([-0.683, -0.499, -0.815, ..., -0.889, -0.232, -0.586]), 'channel2': array([-0.471,  0.801, -0.33 , ...,  0.973, -0.249,  1.62 ])}"
Bearing3_1,287,09:58:19,Training,"{'channel1': array([ 0.016, -0.052, -0.119, ...,  0.069, -0.2  , -0.451]), 'channel2': array([-0.429, -0.562,  0.202, ..., -0.294,  0.373,  0.207])}"
Bearing3_1,406,10:18:09,Training,"{'channel1': array([ 0.195, -0.054,  0.023, ..., -0.269,  0.128, -0.057]), 'channel2': array([-0.297, -0.19 ,  0.335, ...,  0.107, -0.473,  0.018])}"
Bearing3_1,432,10:22:29,Training,"{'channel1': array([-0.441, -0.4  ,  0.017, ...,  0.249,  0.153, -0.093]), 'channel2': array([ 0.059,  0.004, -0.468, ...,  0.015,  0.469, -0.061])}"
Bearing3_1,338,10:06:49,Training,"{'channel1': array([ 0.272,  0.028, -0.226, ..., -0.329,  0.024,  0.15 ]), 'channel2': array([-0.236,  0.111,  0.324, ..., -0.451, -0.366,  0.117])}"
Bearing3_1,57,09:19:59,Training,"{'channel1': array([ 0.109, -0.035,  0.129, ..., -0.264, -0.09 , -0.233]), 'channel2': array([-0.296,  0.314, -0.098, ...,  0.271, -0.136,  0.053])}"
Bearing3_1,417,10:19:59,Training,"{'channel1': array([-0.437, -0.38 , -0.191, ...,  0.241, -0.036,  0.004]), 'channel2': array([ 0.636, -0.134,  0.108, ..., -0.19 ,  0.064,  0.039])}"
Bearing3_1,240,09:50:29,Training,"{'channel1': array([ 0.114, -0.108, -0.243, ..., -0.105, -0.04 , -0.177]), 'channel2': array([ 0.099,  0.325,  0.332, ...,  0.135, -0.123,  0.234])}"
Bearing3_1,442,10:24:09,Training,"{'channel1': array([ 0.072, -0.021, -0.155, ..., -0.216, -0.016,  0.092]), 'channel2': array([-0.055,  0.265, -0.356, ..., -0.063,  0.097, -0.001])}"
Bearing3_1,250,09:52:09,Training,"{'channel1': array([ 0.062, -0.09 , -0.256, ..., -0.256,  0.038,  0.319]), 'channel2': array([ 0.221, -0.534, -0.709, ..., -0.208,  0.116,  0.345])}"
Bearing3_1,358,10:10:09,Training,"{'channel1': array([ 0.253,  0.253,  0.086, ..., -0.162,  0.097,  0.055]), 'channel2': array([ 0.304, -0.224,  0.183, ..., -0.201, -0.152, -0.412])}"
Bearing3_1,320,10:03:49,Training,"{'channel1': array([-0.186, -0.023,  0.362, ..., -0.05 ,  0.001,  0.23 ]), 'channel2': array([-0.536, -0.073,  0.566, ...,  0.358, -0.36 , -0.338])}"
Bearing3_1,191,09:42:19,Training,"{'channel1': array([ 0.139,  0.074, -0.13 , ..., -0.009,  0.134, -0.1  ]), 'channel2': array([-0.329, -0.438, -0.223, ...,  0.335, -0.766, -0.2  ])}"
Bearing3_1,235,09:49:39,Training,"{'channel1': array([-0.204,  0.158,  0.141, ..., -0.02 , -0.058,  0.036]), 'channel2': array([ 0.059,  0.198,  0.202, ...,  0.668, -0.531, -0.531])}"
Bearing3_1,86,09:24:49,Training,"{'channel1': array([ 0.21 ,  0.136,  0.05 , ..., -0.026,  0.182, -0.032]), 'channel2': array([-0.693, -0.224,  0.242, ..., -0.191, -0.294, -0.146])}"
Bearing3_1,210,09:45:29,Training,"{'channel1': array([-0.365, -0.483, -0.331, ..., -0.501, -0.021,  0.086]), 'channel2': array([-0.021,  0.086, -0.041, ...,  0.147, -0.122,  0.116])}"
Bearing3_1,251,09:52:19,Training,"{'channel1': array([ 0.277,  0.657,  0.882, ..., -0.205, -0.1  , -0.224]), 'channel2': array([-0.06 , -0.373, -0.846, ..., -0.243,  0.562,  0.058])}"
Bearing3_1,136,09:33:09,Training,"{'channel1': array([-0.214, -0.182, -0.225, ...,  0.209,  0.209,  0.363]), 'channel2': array([ 0.358, -0.334, -0.066, ..., -0.289,  0.508,  0.193])}"
Bearing3_1,284,09:57:49,Training,"{'channel1': array([ 0.221, -0.232,  0.021, ...,  0.27 ,  0.192,  0.165]), 'channel2': array([ 0.131,  0.368, -0.123, ..., -0.614, -0.728, -0.374])}"
Bearing3_1,126,09:31:29,Training,"{'channel1': array([ 0.266, -0.166, -0.47 , ..., -0.06 ,  0.178, -0.056]), 'channel2': array([-0.107, -0.077,  0.221, ...,  0.268,  0.117,  0.225])}"
Bearing3_1,340,10:07:09,Training,"{'channel1': array([-0.183, -0.15 ,  0.294, ..., -0.082, -0.123, -0.013]), 'channel2': array([ 0.275, -0.306, -0.41 , ...,  0.112, -0.019,  0.204])}"
Bearing3_1,219,09:46:59,Training,"{'channel1': array([ 0.268, -0.007, -0.397, ..., -0.225, -0.105, -0.119]), 'channel2': array([-0.109, -0.773, -0.162, ...,  0.353, -0.203,  0.511])}"
Bearing3_1,319,10:03:39,Training,"{'channel1': array([ 0.148,  0.138, -0.029, ..., -0.168,  0.037,  0.155]), 'channel2': array([-0.287,  0.077, -0.016, ..., -0.244, -0.388, -0.566])}"
Bearing3_1,142,09:34:09,Training,"{'channel1': array([-0.325, -0.05 , -0.182, ..., -0.12 , -0.281, -0.277]), 'channel2': array([ 0.072, -0.081,  0.017, ...,  0.327,  0.715,  0.409])}"
Bearing3_1,105,09:27:59,Training,"{'channel1': array([-0.014, -0.419, -0.117, ..., -0.03 ,  0.12 ,  0.209]), 'channel2': array([ 0.027,  0.323, -0.053, ...,  0.425,  0.167, -0.155])}"
Bearing3_1,472,10:29:09,Training,"{'channel1': array([ 0.002, -0.045, -0.032, ..., -0.262, -0.052,  0.056]), 'channel2': array([ 0.25 , -0.413, -0.133, ..., -0.143, -0.103, -0.007])}"
Bearing3_1,106,09:28:09,Training,"{'channel1': array([ 0.327,  0.129, -0.189, ..., -0.14 , -0.212, -0.198]), 'channel2': array([-0.419,  0.529, -0.165, ...,  0.239, -0.142,  0.108])}"
Bearing3_1,421,10:20:39,Training,"{'channel1': array([ 0.259,  0.086,  0.061, ..., -0.026,  0.023,  0.333]), 'channel2': array([ 0.271, -0.144, -0.103, ..., -0.465,  0.009,  0.369])}"
Bearing3_1,276,09:56:29,Training,"{'channel1': array([ 0.333,  0.432,  0.241, ...,  0.075,  0.169, -0.012]), 'channel2': array([ 0.483,  0.14 , -0.171, ...,  0.291,  0.102, -0.151])}"
Bearing3_1,254,09:52:49,Training,"{'channel1': array([ 0.667,  0.534,  0.494, ...,  0.372, -0.18 , -0.31 ]), 'channel2': array([-0.46 ,  0.024, -0.209, ..., -0.089, -0.086,  0.479])}"
Bearing3_1,39,09:16:59,Training,"{'channel1': array([-0.355,  0.472,  0.864, ..., -0.471, -0.282, -0.085]), 'channel2': array([-0.219, -0.65 , -0.149, ..., -0.012, -0.041, -0.369])}"
Bearing3_1,400,10:17:09,Training,"{'channel1': array([ 0.016,  0.105,  0.168, ..., -0.216, -0.228, -0.478]), 'channel2': array([ 0.286, -0.307,  0.018, ..., -0.375,  0.218, -0.38 ])}"
Bearing3_1,163,09:37:39,Training,"{'channel1': array([-0.131, -0.415, -0.198, ...,  0.479,  0.434,  0.348]), 'channel2': array([-0.235,  0.043,  0.484, ...,  0.145, -0.296, -0.059])}"
Bearing3_1,403,10:17:39,Training,"{'channel1': array([ 0.203,  0.144, -0.128, ...,  0.39 ,  0.657,  0.425]), 'channel2': array([ 0.014, -0.204,  0.29 , ..., -0.039, -0.187,  0.571])}"
Bearing3_1,327,10:04:59,Training,"{'channel1': array([ 0.083,  0.189, -0.109, ...,  0.28 , -0.026, -0.239]), 'channel2': array([-0.078,  0.151, -0.047, ...,  0.093, -0.225, -0.098])}"
Bearing3_1,330,10:05:29,Training,"{'channel1': array([ 0.267,  0.067, -0.044, ...,  0.217,  0.482,  0.464]), 'channel2': array([-0.037, -0.081,  0.168, ..., -0.216, -0.268,  0.311])}"
Bearing3_1,147,09:34:59,Training,"{'channel1': array([-0.034,  0.141, -0.144, ..., -0.2  , -0.241, -0.256]), 'channel2': array([ 0.454,  0.167, -0.057, ..., -0.056, -0.046,  0.256])}"
Bearing3_1,203,09:44:19,Training,"{'channel1': array([ 0.347,  0.528,  0.424, ...,  0.117, -0.127, -0.128]), 'channel2': array([-0.256, -0.705, -0.317, ..., -0.32 ,  0.422,  0.243])}"
Bearing3_1,99,09:26:59,Training,"{'channel1': array([-0.193,  0.269,  0.375, ..., -0.254, -0.111,  0.072]), 'channel2': array([ 0.226,  0.26 ,  0.175, ..., -0.35 ,  0.073,  0.555])}"
Bearing3_1,376,10:13:09,Training,"{'channel1': array([-0.258,  0.232,  0.004, ..., -0.901, -1.063, -0.788]), 'channel2': array([ 0.364, -0.105, -0.185, ...,  0.103,  0.361, -0.141])}"
Bearing3_1,279,09:56:59,Training,"{'channel1': array([-0.202,  0.01 , -0.029, ...,  0.11 ,  0.14 , -0.231]), 'channel2': array([-0.31 ,  0.058, -0.498, ..., -0.033,  0.167,  0.111])}"
Bearing3_1,85,09:24:39,Training,"{'channel1': array([ 0.126, -0.104, -0.157, ..., -0.033,  0.447,  0.084]), 'channel2': array([-0.269,  0.288,  0.188, ..., -0.268, -0.004,  0.011])}"
Bearing3_1,92,09:25:49,Training,"{'channel1': array([-0.184, -0.104, -0.056, ...,  0.721,  0.622,  0.216]), 'channel2': array([-0.077,  0.048, -0.361, ...,  0.164, -0.78 ,  0.088])}"
Bearing3_1,186,09:41:29,Training,"{'channel1': array([ 0.711,  0.661,  0.426, ..., -0.196,  0.124, -0.179]), 'channel2': array([ 0.779, -0.17 ,  0.001, ...,  0.233, -0.044,  0.05 ])}"
Bearing3_1,397,10:16:39,Training,"{'channel1': array([-0.182,  0.156, -0.146, ...,  0.373,  0.288,  0.363]), 'channel2': array([-0.069,  0.394, -0.445, ...,  0.224,  0.025, -0.261])}"
Bearing3_1,341,10:07:19,Training,"{'channel1': array([-0.119,  0.495,  0.652, ...,  0.079, -0.124, -0.175]), 'channel2': array([ 0.507, -0.429, -0.18 , ...,  0.122,  0.091, -0.115])}"
Bearing3_1,461,10:27:19,Training,"{'channel1': array([ 0.005, -0.068, -0.101, ..., -0.466, -0.59 , -0.831]), 'channel2': array([-0.693, -0.48 ,  0.195, ...,  0.312, -0.594, -0.591])}"
Bearing3_1,293,09:59:19,Training,"{'channel1': array([-0.182, -0.303, -0.082, ...,  0.149,  0.099,  0.357]), 'channel2': array([ 0.016,  0.029,  0.006, ...,  0.268,  0.117, -0.873])}"
Bearing3_1,306,10:01:29,Training,"{'channel1': array([-0.094, -0.433, -0.265, ...,  0.005,  0.069, -0.101]), 'channel2': array([-0.149,  0.11 ,  0.589, ..., -0.144,  0.092,  0.285])}"
Bearing3_1,119,09:30:19,Training,"{'channel1': array([-0.222, -0.02 ,  0.113, ..., -0.15 , -0.094, -0.048]), 'channel2': array([-0.342,  0.287,  0.16 , ...,  0.117,  0.135,  0.207])}"
Bearing3_1,431,10:22:19,Training,"{'channel1': array([ 0.657,  0.483,  0.634, ...,  0.15 , -0.021, -0.002]), 'channel2': array([ 0.106, -0.442, -0.308, ..., -0.052,  0.501,  0.004])}"
Bearing3_1,313,10:02:39,Training,"{'channel1': array([ 0.316,  0.022, -0.16 , ...,  0.279,  0.254,  0.05 ]), 'channel2': array([ 0.124, -0.246, -0.659, ..., -0.299,  0.031, -0.202])}"
Bearing3_1,74,09:22:49,Training,"{'channel1': array([ 0.692,  0.566,  0.644, ...,  0.   , -0.304,  0.022]), 'channel2': array([-0.233, -0.061, -0.093, ..., -0.113,  0.654, -0.373])}"
Bearing3_1,245,09:51:19,Training,"{'channel1': array([0.267, 0.093, 0.534, ..., 0.076, 0.246, 0.151]), 'channel2': array([ 0.279,  1.011,  0.223, ...,  0.01 ,  0.13 , -0.164])}"
Bearing3_1,112,09:29:09,Training,"{'channel1': array([0.81 , 0.579, 0.202, ..., 0.037, 0.146, 0.248]), 'channel2': array([ 0.077,  0.632, -0.521, ...,  0.253, -0.153, -0.105])}"
Bearing3_1,71,09:22:19,Training,"{'channel1': array([-0.431, -0.389, -0.29 , ..., -0.517, -0.554, -0.293]), 'channel2': array([ 0.707, -0.202, -0.17 , ..., -0.697,  0.292,  0.174])}"
Bearing3_1,360,10:10:29,Training,"{'channel1': array([-0.062,  0.113,  0.052, ...,  0.18 ,  0.232,  0.171]), 'channel2': array([ 0.377, -0.169,  0.197, ...,  0.003,  0.068,  0.295])}"
Bearing3_1,347,10:08:19,Training,"{'channel1': array([ 0.51 , -0.078,  0.258, ..., -0.087,  0.294,  0.078]), 'channel2': array([ 0.381, -0.075,  0.744, ...,  0.226, -0.447,  0.301])}"
Bearing3_1,157,09:36:39,Training,"{'channel1': array([-0.483, -0.127,  0.442, ..., -0.842, -0.554, -0.292]), 'channel2': array([ 0.364,  0.231, -0.418, ..., -0.096, -0.014, -0.048])}"
Bearing3_1,307,10:01:39,Training,"{'channel1': array([ 0.652,  0.506,  0.465, ..., -0.097,  0.095, -0.058]), 'channel2': array([-0.052,  0.072,  0.46 , ..., -0.52 , -0.566,  0.395])}"
Bearing3_1,387,10:14:59,Training,"{'channel1': array([-0.133,  0.275, -0.239, ..., -0.189, -0.079, -0.158]), 'channel2': array([-0.129,  0.202,  0.056, ..., -0.251,  0.413, -0.044])}"
Bearing3_1,137,09:33:19,Training,"{'channel1': array([-0.264, -0.066, -0.063, ..., -0.185,  0.037, -0.007]), 'channel2': array([ 0.017,  0.458,  0.232, ...,  0.213, -0.16 , -0.375])}"
Bearing3_1,160,09:37:09,Training,"{'channel1': array([-0.187, -0.003,  0.038, ..., -0.226, -0.093,  0.363]), 'channel2': array([ 0.164,  0.043, -0.307, ...,  0.048, -0.053, -0.539])}"
Bearing3_1,299,10:00:19,Training,"{'channel1': array([-0.008, -0.225, -0.321, ..., -0.21 ,  0.048,  0.146]), 'channel2': array([-0.561,  0.19 ,  0.722, ...,  0.214, -0.466, -0.327])}"
Bearing3_1,409,10:18:39,Training,"{'channel1': array([-0.112,  0.043, -0.064, ...,  0.063,  0.203,  0.135]), 'channel2': array([ 0.183,  0.188,  0.067, ..., -0.394, -0.229,  0.198])}"
Bearing3_1,392,10:15:49,Training,"{'channel1': array([0.08 , 0.242, 0.112, ..., 0.392, 0.227, 0.153]), 'channel2': array([ 0.102,  0.116, -0.251, ..., -0.632, -0.09 ,  0.587])}"
Bearing3_1,220,09:47:09,Training,"{'channel1': array([0.23 , 0.646, 0.366, ..., 0.084, 0.163, 0.163]), 'channel2': array([ 0.186,  0.042,  0.099, ..., -0.366,  0.191, -0.158])}"
Bearing3_1,66,09:21:29,Training,"{'channel1': array([-0.241, -0.444, -0.526, ...,  0.322,  0.065,  0.146]), 'channel2': array([-0.092,  0.165,  0.539, ..., -0.074, -0.229, -0.039])}"
Bearing3_1,178,09:40:09,Training,"{'channel1': array([-0.739, -0.623, -0.241, ...,  0.36 ,  0.574,  0.231]), 'channel2': array([ 0.983,  0.412,  0.322, ..., -0.361, -0.502,  0.037])}"
Bearing3_1,460,10:27:09,Training,"{'channel1': array([-0.148, -0.041,  0.031, ...,  0.695,  0.191, -0.041]), 'channel2': array([ 0.463, -0.11 , -0.076, ...,  0.347, -0.095,  0.093])}"
Bearing3_1,476,10:29:49,Training,"{'channel1': array([-0.12 ,  0.061,  0.124, ...,  0.425, -0.176, -0.101]), 'channel2': array([-0.16 , -0.   , -0.312, ...,  0.047, -0.193,  0.033])}"
Bearing3_1,226,09:48:09,Training,"{'channel1': array([-0.05 , -0.086,  0.211, ...,  0.094,  0.41 ,  0.377]), 'channel2': array([-0.057,  0.276, -0.636, ..., -0.695,  0.279, -0.009])}"
Bearing3_1,408,10:18:29,Training,"{'channel1': array([-0.002,  0.031, -0.21 , ...,  0.206,  0.511,  0.427]), 'channel2': array([-0.361, -0.353,  0.193, ...,  0.172,  0.099, -0.528])}"
Bearing3_1,207,09:44:59,Training,"{'channel1': array([-0.07 ,  0.454,  0.262, ..., -0.247, -0.163, -0.148]), 'channel2': array([ 0.262,  0.673, -0.179, ...,  0.091,  0.113, -0.001])}"
Bearing3_1,505,10:34:39,Training,"{'channel1': array([-0.762,  1.166,  0.238, ..., -0.748,  0.714,  0.126]), 'channel2': array([-1.181,  0.081,  2.007, ..., -1.438, -0.035, -3.109])}"
Bearing3_1,180,09:40:29,Training,"{'channel1': array([ 0.409,  0.167, -0.008, ..., -0.162, -0.246, -0.35 ]), 'channel2': array([ 0.016, -0.069, -0.256, ..., -0.268,  0.038,  0.146])}"
Bearing3_1,100,09:27:09,Training,"{'channel1': array([-0.254,  0.13 ,  0.653, ..., -0.396, -0.412, -0.049]), 'channel2': array([-0.057, -0.021, -0.577, ...,  0.345, -0.098, -0.245])}"
Bearing3_1,197,09:43:19,Training,"{'channel1': array([-0.561,  0.212, -0.265, ...,  0.141,  0.251,  0.459]), 'channel2': array([ 0.085, -0.207, -0.262, ...,  0.054, -0.017, -0.275])}"
Bearing3_1,450,10:25:29,Training,"{'channel1': array([-0.065,  0.105,  0.119, ..., -0.302, -0.14 ,  0.023]), 'channel2': array([-0.178,  0.142, -0.211, ...,  0.133,  0.352, -0.012])}"
Bearing3_1,20,09:13:49,Training,"{'channel1': array([-0.167,  0.209,  0.398, ..., -0.358,  0.246,  0.502]), 'channel2': array([ 0.293,  0.137,  0.06 , ..., -0.056, -0.366,  0.122])}"
Bearing3_1,68,09:21:49,Training,"{'channel1': array([ 0.546,  0.155, -0.326, ..., -0.148,  0.021,  0.16 ]), 'channel2': array([-0.287,  0.226,  0.498, ..., -0.104,  0.06 ,  0.129])}"
Bearing3_1,484,10:31:09,Training,"{'channel1': array([-0.179, -0.676, -0.582, ..., -0.209, -0.153, -0.344]), 'channel2': array([-0.395, -0.076,  0.004, ..., -0.107, -0.074,  0.225])}"
Bearing3_1,225,09:47:59,Training,"{'channel1': array([-0.082,  0.336,  0.288, ...,  0.109,  0.122,  0.127]), 'channel2': array([ 0.337,  0.361, -0.509, ..., -0.052, -0.691, -0.117])}"
Bearing3_1,492,10:32:29,Training,"{'channel1': array([ 0.075, -0.164, -0.078, ..., -0.069,  0.134,  0.007]), 'channel2': array([-0.421,  0.107, -0.373, ..., -0.256,  0.453, -0.357])}"
Bearing3_1,1,09:10:39,Training,"{'channel1': array([0.338, 0.278, 0.143, ..., 1.148, 0.642, 0.088]), 'channel2': array([-0.263,  0.285,  0.59 , ..., -0.137, -0.042, -0.121])}"
Bearing3_1,345,10:07:59,Training,"{'channel1': array([-0.243, -0.289, -0.315, ..., -0.136, -0.434, -0.675]), 'channel2': array([-0.325,  0.359,  0.019, ...,  0.131, -0.373,  0.334])}"
Bearing3_1,111,09:28:59,Training,"{'channel1': array([ 0.3  ,  0.023, -0.767, ...,  0.072, -0.005, -0.141]), 'channel2': array([ 0.252,  0.092,  0.054, ...,  0.131, -0.034,  0.435])}"
Bearing3_1,8,09:11:49,Training,"{'channel1': array([-0.286,  0.11 ,  0.231, ..., -0.38 , -0.5  ,  0.033]), 'channel2': array([-0.214, -0.588,  0.149, ...,  0.113,  0.285, -0.187])}"
Bearing3_1,25,09:14:39,Training,"{'channel1': array([-0.195, -0.487, -0.511, ...,  0.355,  0.915,  0.698]), 'channel2': array([-0.411,  0.218,  0.495, ..., -0.203, -0.424, -0.162])}"
Bearing3_1,508,10:35:09,Training,"{'channel1': array([-1.734, -1.949, -1.088, ..., -0.69 , -0.085, -0.624]), 'channel2': array([2.678, 2.572, 2.475, ..., 0.174, 0.327, 0.15 ])}"
Bearing3_1,55,09:19:39,Training,"{'channel1': array([-0.346, -0.21 ,  0.034, ..., -0.348, -0.31 , -0.004]), 'channel2': array([-0.439,  0.299,  0.116, ...,  0.032, -0.18 ,  0.06 ])}"
Bearing3_1,70,09:22:09,Training,"{'channel1': array([-0.112,  0.505,  0.674, ...,  0.457,  0.622,  0.155]), 'channel2': array([ 0.126, -0.098,  0.418, ...,  0.488, -0.165, -0.195])}"
Bearing3_1,402,10:17:29,Training,"{'channel1': array([ 0.365,  0.26 , -0.004, ..., -0.243, -0.196, -0.108]), 'channel2': array([ 0.033,  0.306, -0.033, ..., -0.018,  0.142, -0.088])}"
Bearing3_1,404,10:17:49,Training,"{'channel1': array([-0.314,  0.279,  0.035, ...,  0.169,  0.014, -0.021]), 'channel2': array([ 0.17 ,  0.243,  0.044, ..., -0.005,  0.039,  0.   ])}"
Bearing3_1,227,09:48:19,Training,"{'channel1': array([-0.349, -0.403, -0.043, ..., -0.107, -0.214, -0.018]), 'channel2': array([ 0.15 ,  0.032,  0.225, ...,  0.244, -0.387,  0.293])}"
Bearing3_1,292,09:59:09,Training,"{'channel1': array([ 0.163, -0.137, -0.542, ..., -0.045,  0.069,  0.248]), 'channel2': array([ 0.337, -0.444,  0.029, ...,  0.296,  0.132,  0.574])}"
Bearing3_1,490,10:32:09,Training,"{'channel1': array([ 0.079,  0.087, -0.298, ..., -0.028,  0.073,  0.168]), 'channel2': array([ 0.257, -0.4  , -0.629, ..., -0.315, -0.3  ,  0.029])}"
Bearing3_1,497,10:33:19,Training,"{'channel1': array([-0.399, -0.085,  0.475, ..., -5.453, -3.874, -1.633]), 'channel2': array([-3.328,  1.096,  0.66 , ...,  1.683,  2.878, -0.148])}"
Bearing3_1,35,09:16:19,Training,"{'channel1': array([ 0.155,  0.272,  0.489, ...,  0.612, -0.048, -0.361]), 'channel2': array([-0.054, -0.1  , -0.014, ...,  0.021,  0.623,  0.262])}"
Bearing3_1,242,09:50:49,Training,"{'channel1': array([-0.053, -0.05 ,  1.097, ..., -0.157, -0.144, -0.188]), 'channel2': array([ 0.838,  0.332, -0.348, ..., -0.539,  0.015,  0.107])}"
Bearing3_1,222,09:47:29,Training,"{'channel1': array([-0.406, -0.313, -0.11 , ...,  0.208,  0.133,  0.276]), 'channel2': array([-0.516,  0.492,  0.098, ..., -0.251,  0.022,  0.202])}"
Bearing3_1,41,09:17:19,Training,"{'channel1': array([-0.358, -0.215, -0.08 , ...,  0.035,  0.285,  0.552]), 'channel2': array([ 0.025,  0.586, -0.065, ...,  0.052, -0.124,  0.003])}"
Bearing3_1,407,10:18:19,Training,"{'channel1': array([-0.352, -0.148, -0.317, ...,  0.49 ,  0.607,  0.233]), 'channel2': array([-0.518,  0.134,  0.064, ...,  0.132, -0.068, -0.082])}"
Bearing3_1,336,10:06:29,Training,"{'channel1': array([-0.263, -0.064, -0.383, ..., -0.019,  0.217,  0.269]), 'channel2': array([ 0.047,  0.077, -0.006, ..., -0.209, -0.075, -0.498])}"
Bearing3_1,282,09:57:29,Training,"{'channel1': array([ 0.196,  0.256,  0.288, ..., -0.012, -0.206, -0.279]), 'channel2': array([-0.04 , -0.439, -0.864, ...,  0.162, -0.032, -0.16 ])}"
Bearing3_1,491,10:32:19,Training,"{'channel1': array([-0.745,  0.153,  0.073, ...,  0.034,  0.524,  0.752]), 'channel2': array([-3.329,  1.69 , -2.416, ...,  0.375, -0.211, -0.363])}"
Bearing3_1,315,10:02:59,Training,"{'channel1': array([-0.441, -0.238,  0.566, ...,  0.119, -0.343, -0.799]), 'channel2': array([-0.119,  0.139,  0.44 , ..., -0.139, -0.068,  0.483])}"
Bearing3_1,426,10:21:29,Training,"{'channel1': array([-0.253, -0.002, -0.127, ...,  0.108,  0.3  ,  0.188]), 'channel2': array([ 0.265,  0.061, -0.695, ...,  0.438, -0.499, -0.47 ])}"
Bearing3_1,412,10:19:09,Training,"{'channel1': array([ 0.264,  0.274, -0.109, ...,  0.066,  0.189,  0.024]), 'channel2': array([ 0.044, -0.412,  0.115, ...,  0.005,  0.179, -0.313])}"
Bearing3_1,481,10:30:39,Training,"{'channel1': array([ 0.184, -0.11 ,  0.164, ..., -0.235, -0.161, -0.441]), 'channel2': array([ 0.221, -0.383,  0.052, ..., -0.285,  0.432, -0.134])}"
Bearing3_1,211,09:45:39,Training,"{'channel1': array([ 0.161,  0.322,  0.757, ..., -0.326,  0.149,  0.385]), 'channel2': array([ 0.388,  0.48 , -0.096, ...,  0.646, -0.306, -0.007])}"
Bearing3_1,81,09:23:59,Training,"{'channel1': array([ 0.19 , -0.177, -0.527, ..., -0.35 , -0.437, -0.224]), 'channel2': array([-0.019, -0.838,  0.06 , ...,  0.285,  0.162,  0.017])}"
Bearing3_1,418,10:20:09,Training,"{'channel1': array([-0.427, -0.345, -0.513, ..., -0.01 ,  0.176,  0.437]), 'channel2': array([ 0.109, -0.232, -0.487, ...,  0.091,  0.199,  0.116])}"
Bearing3_1,352,10:09:09,Training,"{'channel1': array([-0.221, -0.36 , -0.243, ..., -0.172, -0.034,  0.356]), 'channel2': array([ 0.309,  0.004, -0.613, ..., -0.294, -0.517, -0.283])}"
Bearing3_1,229,09:48:39,Training,"{'channel1': array([0.431, 0.054, 0.339, ..., 0.207, 0.703, 0.933]), 'channel2': array([ 0.064, -0.194,  0.457, ..., -0.007,  0.41 , -0.091])}"
Bearing3_1,91,09:25:39,Training,"{'channel1': array([-0.258, -0.378, -0.042, ...,  0.069,  0.147,  0.101]), 'channel2': array([ 0.121,  0.394,  0.132, ..., -0.201, -0.453,  0.108])}"
Bearing3_1,494,10:32:49,Training,"{'channel1': array([-0.175, -0.102, -0.123, ..., -0.274, -0.233,  0.057]), 'channel2': array([ 0.259,  0.239,  0.51 , ...,  0.359,  0.356, -0.43 ])}"
Bearing3_1,322,10:04:09,Training,"{'channel1': array([-0.229, -0.203,  0.097, ..., -0.105, -0.057,  0.177]), 'channel2': array([ 0.044, -0.028,  0.348, ..., -0.095, -0.061,  0.19 ])}"
Bearing3_1,263,09:54:19,Training,"{'channel1': array([ 0.256,  0.292,  0.46 , ..., -0.101, -0.483, -0.445]), 'channel2': array([ 0.014,  0.102, -0.045, ...,  0.224, -0.636,  0.367])}"
Bearing3_1,328,10:05:09,Training,"{'channel1': array([ 0.161,  0.191,  0.414, ..., -0.217, -0.285, -0.141]), 'channel2': array([-0.181,  0.125, -0.399, ...,  0.404, -0.028, -0.287])}"
Bearing3_1,141,09:33:59,Training,"{'channel1': array([ 0.26 , -0.047, -0.007, ..., -0.256, -0.   ,  0.423]), 'channel2': array([-0.079,  0.299,  0.205, ..., -0.044, -0.018, -0.228])}"
Bearing3_1,170,09:38:49,Training,"{'channel1': array([0.298, 0.319, 0.452, ..., 0.289, 0.498, 0.224]), 'channel2': array([ 0.381, -0.234, -0.193, ..., -0.12 , -0.324,  0.074])}"
Bearing3_1,69,09:21:59,Training,"{'channel1': array([-0.066,  0.122,  0.461, ...,  0.16 ,  0.497,  0.326]), 'channel2': array([-0.051, -0.525, -0.1  , ...,  0.203, -0.236,  0.215])}"
Bearing3_1,399,10:16:59,Training,"{'channel1': array([-0.091, -0.156, -0.083, ...,  0.175,  0.12 , -0.046]), 'channel2': array([-0.026, -0.166,  0.257, ...,  0.176, -0.779,  0.323])}"
Bearing3_1,475,10:29:39,Training,"{'channel1': array([-0.088, -0.011,  0.012, ..., -0.165, -0.091, -0.22 ]), 'channel2': array([-0.172,  0.012, -0.38 , ..., -0.656, -0.159, -0.107])}"
Bearing3_1,308,10:01:49,Training,"{'channel1': array([ 0.003, -0.139, -0.14 , ..., -0.726, -0.369,  0.191]), 'channel2': array([ 0.591,  0.348,  0.337, ...,  0.228, -0.272, -0.81 ])}"
Bearing3_1,291,09:58:59,Training,"{'channel1': array([-0.246,  0.373,  0.253, ..., -0.239,  0.117, -0.124]), 'channel2': array([ 0.245, -0.02 ,  0.004, ...,  0.297, -0.033, -0.288])}"
Bearing3_1,488,10:31:49,Training,"{'channel1': array([ 0.464,  0.738,  0.261, ..., -0.049,  0.107, -0.004]), 'channel2': array([-0.004, -0.281, -0.226, ..., -0.219, -0.349,  0.288])}"
Bearing3_1,46,09:18:09,Training,"{'channel1': array([-1.339, -0.979, -0.324, ..., -1.069, -0.458,  0.273]), 'channel2': array([ 0.197,  0.469,  0.548, ..., -0.295, -0.017,  0.293])}"
Bearing3_1,441,10:23:59,Training,"{'channel1': array([ 0.006,  0.25 , -0.056, ..., -0.071, -0.37 , -0.319]), 'channel2': array([-0.062,  0.169,  0.11 , ..., -0.191,  0.048, -0.164])}"
Bearing3_1,477,10:29:59,Training,"{'channel1': array([ 0.049,  0.061, -0.045, ...,  0.247,  0.226,  0.041]), 'channel2': array([-0.076,  0.081, -0.123, ...,  0.069, -0.332, -0.048])}"
Bearing3_1,443,10:24:19,Training,"{'channel1': array([-0.275, -0.092, -0.181, ...,  0.516,  0.296,  0.216]), 'channel2': array([-0.077, -0.058,  0.13 , ..., -0.237,  0.326,  0.007])}"
Bearing3_1,470,10:28:49,Training,"{'channel1': array([ 0.624,  0.155, -0.186, ..., -0.057, -0.262, -0.576]), 'channel2': array([-0.371, -0.104,  0.631, ...,  0.967,  0.711,  0.114])}"
Bearing3_1,398,10:16:49,Training,"{'channel1': array([-0.444, -0.724, -0.07 , ..., -0.098,  0.086, -0.041]), 'channel2': array([-0.143,  0.332,  0.144, ..., -0.178,  0.095, -0.129])}"
Bearing3_1,471,10:28:59,Training,"{'channel1': array([-0.177,  0.011, -0.066, ...,  0.021,  0.055,  0.436]), 'channel2': array([ 0.042,  0.156, -0.074, ...,  0.576, -0.24 ,  0.225])}"
Bearing3_1,339,10:06:59,Training,"{'channel1': array([ 0.288,  0.217, -0.255, ..., -0.417, -0.171, -0.115]), 'channel2': array([ 0.347, -0.157, -0.406, ..., -0.214, -0.204,  0.102])}"
Bearing3_1,98,09:26:49,Training,"{'channel1': array([-0.072, -0.29 ,  0.249, ..., -0.07 , -0.162, -0.315]), 'channel2': array([-0.192,  0.18 ,  0.354, ...,  0.104, -0.205,  0.269])}"
Bearing3_1,72,09:22:29,Training,"{'channel1': array([-0.188, -0.42 , -0.027, ..., -0.099, -0.079,  0.245]), 'channel2': array([-0.494,  0.094,  0.091, ...,  0.097, -0.123,  0.453])}"
Bearing3_1,343,10:07:39,Training,"{'channel1': array([ 0.569, -0.252, -0.321, ..., -0.134, -0.179,  0.06 ]), 'channel2': array([ 0.229, -0.399, -0.145, ..., -0.04 ,  0.139,  0.053])}"
Bearing3_1,213,09:45:59,Training,"{'channel1': array([ 0.038,  0.082, -0.197, ...,  0.21 ,  0.292,  0.115]), 'channel2': array([-0.531,  0.265,  0.517, ..., -0.383, -0.653,  0.476])}"
Bearing3_1,19,09:13:39,Training,"{'channel1': array([ 0.332, -0.465, -1.019, ..., -1.831, -1.534, -1.031]), 'channel2': array([-0.237,  0.143,  0.557, ...,  0.462, -0.522, -0.039])}"
Bearing3_1,439,10:23:39,Training,"{'channel1': array([ 0.226, -0.029, -0.071, ...,  0.398, -0.037, -0.373]), 'channel2': array([-0.362, -0.085, -0.299, ..., -0.088,  0.391, -0.586])}"
Bearing3_1,357,10:09:59,Training,"{'channel1': array([ 0.406,  0.44 ,  0.48 , ...,  0.383,  0.066, -0.883]), 'channel2': array([-0.002, -0.569, -0.536, ...,  0.15 , -0.366, -0.49 ])}"
Bearing3_1,108,09:28:29,Training,"{'channel1': array([-0.063, -0.27 , -0.227, ...,  0.175, -0.577, -0.526]), 'channel2': array([-0.521, -0.123, -0.166, ..., -0.767, -0.162,  0.382])}"
Bearing3_1,463,10:27:39,Training,"{'channel1': array([-0.171, -0.097,  0.025, ..., -0.403, -0.498, -0.39 ]), 'channel2': array([-0.21 , -0.196, -0.061, ...,  0.299, -0.486,  0.226])}"
Bearing3_1,150,09:35:29,Training,"{'channel1': array([-0.327, -0.066,  0.204, ..., -0.323, -0.39 , -0.441]), 'channel2': array([ 0.129,  0.181, -0.251, ..., -0.284,  0.372, -0.386])}"
Bearing3_1,288,09:58:29,Training,"{'channel1': array([0.442, 0.521, 0.207, ..., 0.064, 0.34 , 0.371]), 'channel2': array([ 0.008, -0.46 , -0.056, ...,  0.306,  0.437, -0.683])}"
Bearing3_1,486,10:31:29,Training,"{'channel1': array([-0.139, -0.106, -0.068, ...,  0.006, -0.133, -0.055]), 'channel2': array([-0.353,  0.333,  0.191, ..., -0.472,  0.071, -0.103])}"
Bearing3_1,52,09:19:09,Training,"{'channel1': array([-0.285, -0.094,  0.285, ...,  0.241,  0.002, -0.214]), 'channel2': array([ 0.165, -0.259, -0.323, ..., -0.247, -0.058,  0.009])}"
Bearing3_1,390,10:15:29,Training,"{'channel1': array([-0.582, -0.447, -0.171, ..., -0.115,  0.32 , -0.158]), 'channel2': array([ 0.88 , -0.424,  0.013, ...,  0.59 , -0.265, -0.213])}"
Bearing3_1,190,09:42:09,Training,"{'channel1': array([ 0.093,  0.421, -0.121, ..., -0.198,  0.15 , -0.029]), 'channel2': array([-0.135, -0.03 , -0.616, ..., -0.056,  0.031, -0.121])}"
Bearing3_1,456,10:26:29,Training,"{'channel1': array([ 0.015, -0.108,  0.279, ..., -0.113, -0.334, -0.635]), 'channel2': array([ 0.128,  0.351,  0.057, ..., -0.475, -0.559, -0.08 ])}"
Bearing3_1,370,10:12:09,Training,"{'channel1': array([-0.001, -0.074, -0.412, ...,  0.4  , -0.087, -0.091]), 'channel2': array([-0.088,  0.04 , -0.264, ..., -0.154, -0.076,  0.376])}"
Bearing3_1,371,10:12:19,Training,"{'channel1': array([-0.083,  0.076,  0.525, ..., -0.227, -0.175,  0.066]), 'channel2': array([-0.039, -0.309, -0.305, ...,  0.09 ,  0.09 ,  0.334])}"
Bearing3_1,116,09:29:49,Training,"{'channel1': array([-0.023,  0.129, -0.096, ...,  0.143, -0.137, -0.216]), 'channel2': array([-0.271, -0.113,  0.782, ..., -0.855,  0.169,  0.251])}"
Bearing3_1,314,10:02:49,Training,"{'channel1': array([ 0.204, -0.03 ,  0.261, ..., -0.213,  0.502,  0.289]), 'channel2': array([ 0.002, -0.03 ,  0.198, ...,  0.234, -0.267, -0.55 ])}"
Bearing3_1,174,09:39:29,Training,"{'channel1': array([-0.058,  0.1  , -0.305, ...,  0.173,  0.042,  0.171]), 'channel2': array([-0.439,  0.478, -0.744, ..., -0.006, -0.065,  0.198])}"
Bearing3_1,159,09:36:59,Training,"{'channel1': array([-0.118,  0.026, -0.024, ...,  0.331,  0.64 ,  0.521]), 'channel2': array([ 0.041,  0.174, -0.157, ..., -0.021,  0.202,  0.191])}"
Bearing3_1,228,09:48:29,Training,"{'channel1': array([ 0.243,  0.338, -0.053, ...,  0.212,  0.266,  0.189]), 'channel2': array([-0.355,  0.127, -0.061, ..., -0.071,  0.182, -0.283])}"
Bearing3_1,82,09:24:09,Training,"{'channel1': array([ 0.627,  0.536,  0.481, ...,  0.39 ,  0.192, -0.174]), 'channel2': array([ 0.086, -0.513,  0.056, ..., -0.478, -0.367,  0.043])}"
Bearing3_1,14,09:12:49,Training,"{'channel1': array([ 0.514,  0.757,  0.937, ..., -0.09 , -0.207, -0.309]), 'channel2': array([-0.081, -0.286,  0.151, ...,  0.146,  0.295, -0.267])}"
Bearing3_1,444,10:24:29,Training,"{'channel1': array([-0.006,  0.212,  0.273, ...,  0.005, -0.176, -0.193]), 'channel2': array([0.368, 0.077, 0.101, ..., 0.197, 0.169, 0.093])}"
Bearing3_1,80,09:23:49,Training,"{'channel1': array([0.254, 0.059, 0.63 , ..., 0.085, 0.028, 0.083]), 'channel2': array([-0.225, -0.316,  0.636, ...,  0.091, -0.062, -0.092])}"
Bearing3_1,405,10:17:59,Training,"{'channel1': array([-0.193, -0.162, -0.085, ...,  0.126,  0.043, -0.068]), 'channel2': array([ 0.198,  0.222, -0.184, ..., -0.177,  0.426, -0.319])}"
Bearing3_1,265,09:54:39,Training,"{'channel1': array([ 0.01 , -0.261, -0.227, ...,  0.238,  0.013, -0.052]), 'channel2': array([ 0.135, -0.127,  0.265, ...,  0.134, -0.178, -0.428])}"
Bearing3_1,212,09:45:49,Training,"{'channel1': array([-0.227, -0.074, -0.112, ...,  0.112, -0.137, -0.16 ]), 'channel2': array([ 0.01 , -0.145,  0.015, ...,  0.389, -0.029, -0.073])}"
Bearing3_1,208,09:45:09,Training,"{'channel1': array([-0.11 ,  0.184,  0.18 , ...,  0.01 ,  0.397,  0.279]), 'channel2': array([ 0.243,  0.253, -0.474, ..., -0.127,  0.004,  0.261])}"
Bearing3_1,459,10:26:59,Training,"{'channel1': array([-0.06 , -0.161, -0.264, ..., -0.311, -0.082,  0.117]), 'channel2': array([ 0.245,  0.143, -0.231, ..., -0.687,  0.003,  0.302])}"
Bearing3_1,94,09:26:09,Training,"{'channel1': array([ 0.141, -0.166,  0.105, ..., -0.315, -0.928, -1.267]), 'channel2': array([-0.216,  0.051,  0.409, ..., -0.032,  0.125,  0.069])}"
Bearing3_1,468,10:28:29,Training,"{'channel1': array([-0.108, -0.23 , -0.035, ...,  0.286,  0.066, -0.208]), 'channel2': array([ 0.334, -0.117, -0.379, ...,  0.091,  0.236, -0.154])}"
Bearing3_1,335,10:06:19,Training,"{'channel1': array([ 0.62 ,  0.87 ,  0.16 , ...,  0.089,  0.15 , -0.193]), 'channel2': array([-0.465, -0.76 , -0.101, ...,  0.073,  0.225, -0.32 ])}"
Bearing3_1,101,09:27:19,Training,"{'channel1': array([ 0.049, -0.112, -0.146, ...,  0.072, -0.357, -0.145]), 'channel2': array([ 0.158, -0.584,  0.139, ..., -0.257,  0.128,  0.801])}"
Bearing3_1,462,10:27:29,Training,"{'channel1': array([ 0.31 ,  0.054,  0.048, ...,  0.01 , -0.202, -0.066]), 'channel2': array([-0.59 ,  0.068,  0.018, ..., -0.147,  0.026,  0.162])}"
Bearing3_1,385,10:14:39,Training,"{'channel1': array([ 0.042, -0.069, -0.28 , ..., -0.014,  0.049, -0.061]), 'channel2': array([-0.408,  0.394, -0.079, ...,  0.358,  0.09 , -0.025])}"
Bearing3_1,464,10:27:49,Training,"{'channel1': array([-0.065,  0.291,  0.134, ..., -0.188,  0.123,  0.122]), 'channel2': array([ 0.246, -0.08 ,  0.124, ...,  0.24 , -0.279, -0.095])}"
Bearing3_1,124,09:31:09,Training,"{'channel1': array([ 0.198, -0.152, -0.299, ..., -0.479, -0.177,  0.082]), 'channel2': array([-0.172,  0.048,  0.397, ...,  0.251, -0.115,  0.281])}"
